[{"model": "admin.logentry", "pk": 27, "fields": {"action_time": "2023-06-27T09:14:17.342Z", "user": 20, "content_type": 6, "object_id": "21", "object_repr": "vk@gmail.com", "action_flag": 2, "change_message": "[{\"changed\": {\"fields\": [\"Is active\"]}}]"}}, {"model": "admin.logentry", "pk": 28, "fields": {"action_time": "2023-06-27T09:24:57.563Z", "user": 20, "content_type": 6, "object_id": "22", "object_repr": "faf@gmail.com", "action_flag": 2, "change_message": "[{\"changed\": {\"fields\": [\"Is active\"]}}]"}}, {"model": "admin.logentry", "pk": 29, "fields": {"action_time": "2023-06-27T09:25:01.481Z", "user": 20, "content_type": 6, "object_id": "21", "object_repr": "vk@gmail.com", "action_flag": 2, "change_message": "[]"}}, {"model": "admin.logentry", "pk": 30, "fields": {"action_time": "2023-06-28T03:32:56.073Z", "user": 20, "content_type": 6, "object_id": "23", "object_repr": "hareesh0317@gmail.com", "action_flag": 3, "change_message": ""}}, {"model": "admin.logentry", "pk": 31, "fields": {"action_time": "2023-06-28T03:36:36.149Z", "user": 20, "content_type": 6, "object_id": "24", "object_repr": "hareesh0317@gmail.com", "action_flag": 3, "change_message": ""}}, {"model": "admin.logentry", "pk": 32, "fields": {"action_time": "2023-06-28T03:39:16.491Z", "user": 20, "content_type": 6, "object_id": "25", "object_repr": "hareesh0317@gmail.com", "action_flag": 3, "change_message": ""}}, {"model": "admin.logentry", "pk": 33, "fields": {"action_time": "2023-06-28T03:52:17.495Z", "user": 20, "content_type": 6, "object_id": "26", "object_repr": "hareesh0317@gmail.com", "action_flag": 3, "change_message": ""}}, {"model": "admin.logentry", "pk": 34, "fields": {"action_time": "2023-06-28T03:57:35.713Z", "user": 20, "content_type": 6, "object_id": "27", "object_repr": "hareesh0317@gmail.com", "action_flag": 3, "change_message": ""}}, {"model": "admin.logentry", "pk": 35, "fields": {"action_time": "2023-06-28T04:05:42.252Z", "user": 20, "content_type": 6, "object_id": "28", "object_repr": "hareesh0317@gmail.com", "action_flag": 3, "change_message": ""}}, {"model": "admin.logentry", "pk": 36, "fields": {"action_time": "2023-06-28T04:10:37.480Z", "user": 20, "content_type": 6, "object_id": "29", "object_repr": "hareesh0922@gmail.com", "action_flag": 3, "change_message": ""}}, {"model": "admin.logentry", "pk": 37, "fields": {"action_time": "2023-06-28T05:10:01.776Z", "user": 20, "content_type": 6, "object_id": "30", "object_repr": "hareesh0922@gmail.com", "action_flag": 2, "change_message": "[{\"changed\": {\"fields\": [\"Is active\"]}}]"}}, {"model": "admin.logentry", "pk": 38, "fields": {"action_time": "2023-06-28T05:11:47.711Z", "user": 20, "content_type": 6, "object_id": "30", "object_repr": "hareesh0922@gmail.com", "action_flag": 2, "change_message": "[{\"changed\": {\"fields\": [\"Is active\"]}}]"}}, {"model": "admin.logentry", "pk": 39, "fields": {"action_time": "2023-06-28T06:03:33.809Z", "user": 20, "content_type": 6, "object_id": "30", "object_repr": "hareesh0922@gmail.com", "action_flag": 2, "change_message": "[{\"changed\": {\"fields\": [\"Is active\"]}}]"}}, {"model": "admin.logentry", "pk": 40, "fields": {"action_time": "2023-06-28T06:05:06.529Z", "user": 20, "content_type": 6, "object_id": "30", "object_repr": "hareesh0922@gmail.com", "action_flag": 2, "change_message": "[{\"changed\": {\"fields\": [\"Is active\"]}}]"}}, {"model": "admin.logentry", "pk": 41, "fields": {"action_time": "2023-06-28T06:06:35.208Z", "user": 20, "content_type": 6, "object_id": "30", "object_repr": "hareesh0922@gmail.com", "action_flag": 3, "change_message": ""}}, {"model": "admin.logentry", "pk": 42, "fields": {"action_time": "2023-06-28T10:37:47.251Z", "user": 20, "content_type": 6, "object_id": "31", "object_repr": "hareesh0922@gmail.com", "action_flag": 2, "change_message": "[{\"changed\": {\"fields\": [\"Is active\"]}}]"}}, {"model": "admin.logentry", "pk": 43, "fields": {"action_time": "2023-06-28T10:38:20.774Z", "user": 20, "content_type": 6, "object_id": "31", "object_repr": "hareesh0922@gmail.com", "action_flag": 2, "change_message": "[{\"changed\": {\"fields\": [\"Is active\"]}}]"}}, {"model": "admin.logentry", "pk": 44, "fields": {"action_time": "2023-06-28T11:36:39.909Z", "user": 20, "content_type": 9, "object_id": "4", "object_repr": "Saravana Bhavan", "action_flag": 2, "change_message": "[]"}}, {"model": "admin.logentry", "pk": 45, "fields": {"action_time": "2023-06-28T11:36:54.604Z", "user": 20, "content_type": 9, "object_id": "4", "object_repr": "Saravana Bhavan", "action_flag": 2, "change_message": "[{\"changed\": {\"fields\": [\"Is approved\"]}}]"}}, {"model": "admin.logentry", "pk": 46, "fields": {"action_time": "2023-06-29T01:11:05.091Z", "user": 20, "content_type": 6, "object_id": "35", "object_repr": "rohit@gmail.com", "action_flag": 2, "change_message": "[{\"changed\": {\"fields\": [\"Is active\"]}}]"}}, {"model": "admin.logentry", "pk": 47, "fields": {"action_time": "2023-06-29T01:11:18.533Z", "user": 20, "content_type": 9, "object_id": "5", "object_repr": "Muniyandi Vilas", "action_flag": 2, "change_message": "[{\"changed\": {\"fields\": [\"Is approved\"]}}]"}}, {"model": "admin.logentry", "pk": 48, "fields": {"action_time": "2023-06-29T01:35:01.709Z", "user": 20, "content_type": 7, "object_id": "33", "object_repr": "rohit@gmail.com", "action_flag": 2, "change_message": "[{\"changed\": {\"fields\": [\"Profile picture\", \"Cover photo\", \"Address line 1\", \"Address line 2\", \"Country\", \"State\", \"City\", \"Pin code\"]}}]"}}, {"model": "admin.logentry", "pk": 49, "fields": {"action_time": "2023-06-29T02:03:41.275Z", "user": 20, "content_type": 7, "object_id": "33", "object_repr": "rohit@gmail.com", "action_flag": 2, "change_message": "[]"}}, {"model": "admin.logentry", "pk": 50, "fields": {"action_time": "2023-06-29T02:16:14.491Z", "user": 20, "content_type": 7, "object_id": "33", "object_repr": "rohit@gmail.com", "action_flag": 2, "change_message": "[{\"changed\": {\"fields\": [\"Address line 1\"]}}]"}}, {"model": "admin.logentry", "pk": 51, "fields": {"action_time": "2023-06-29T02:16:29.705Z", "user": 20, "content_type": 7, "object_id": "33", "object_repr": "rohit@gmail.com", "action_flag": 2, "change_message": "[]"}}, {"model": "admin.logentry", "pk": 52, "fields": {"action_time": "2023-07-01T03:03:03.394Z", "user": 20, "content_type": 11, "object_id": "1", "object_repr": "Biriyani", "action_flag": 1, "change_message": "[{\"added\": {}}]"}}, {"model": "admin.logentry", "pk": 53, "fields": {"action_time": "2023-07-01T03:03:21.754Z", "user": 20, "content_type": 11, "object_id": "2", "object_repr": "Gravy", "action_flag": 1, "change_message": "[{\"added\": {}}]"}}, {"model": "admin.logentry", "pk": 54, "fields": {"action_time": "2023-07-01T03:03:52.159Z", "user": 20, "content_type": 11, "object_id": "3", "object_repr": "Fried RIce", "action_flag": 1, "change_message": "[{\"added\": {}}]"}}, {"model": "admin.logentry", "pk": 55, "fields": {"action_time": "2023-07-01T03:04:11.066Z", "user": 20, "content_type": 11, "object_id": "4", "object_repr": "Meals", "action_flag": 1, "change_message": "[{\"added\": {}}]"}}, {"model": "admin.logentry", "pk": 56, "fields": {"action_time": "2023-07-01T03:04:28.289Z", "user": 20, "content_type": 11, "object_id": "5", "object_repr": "Variety Rice", "action_flag": 1, "change_message": "[{\"added\": {}}]"}}, {"model": "admin.logentry", "pk": 57, "fields": {"action_time": "2023-07-01T03:11:25.638Z", "user": 20, "content_type": 10, "object_id": "1", "object_repr": "Mini Meals", "action_flag": 1, "change_message": "[{\"added\": {}}]"}}, {"model": "admin.logentry", "pk": 58, "fields": {"action_time": "2023-07-01T03:12:20.915Z", "user": 20, "content_type": 10, "object_id": "2", "object_repr": "South Indian Meals", "action_flag": 1, "change_message": "[{\"added\": {}}]"}}, {"model": "admin.logentry", "pk": 59, "fields": {"action_time": "2023-07-01T03:13:05.410Z", "user": 20, "content_type": 10, "object_id": "3", "object_repr": "Sambar rice", "action_flag": 1, "change_message": "[{\"added\": {}}]"}}, {"model": "admin.logentry", "pk": 60, "fields": {"action_time": "2023-07-01T03:13:33.769Z", "user": 20, "content_type": 10, "object_id": "4", "object_repr": "Curd Rice", "action_flag": 1, "change_message": "[{\"added\": {}}]"}}, {"model": "admin.logentry", "pk": 61, "fields": {"action_time": "2023-07-01T03:13:41.800Z", "user": 20, "content_type": 10, "object_id": "3", "object_repr": "Sambar Rice", "action_flag": 2, "change_message": "[{\"changed\": {\"fields\": [\"Food name\"]}}]"}}, {"model": "admin.logentry", "pk": 62, "fields": {"action_time": "2023-07-01T03:15:07.159Z", "user": 20, "content_type": 10, "object_id": "5", "object_repr": "Mutton Gravy", "action_flag": 1, "change_message": "[{\"added\": {}}]"}}, {"model": "admin.logentry", "pk": 63, "fields": {"action_time": "2023-07-01T03:15:35.443Z", "user": 20, "content_type": 10, "object_id": "6", "object_repr": "Chicken Gravy", "action_flag": 1, "change_message": "[{\"added\": {}}]"}}, {"model": "admin.logentry", "pk": 64, "fields": {"action_time": "2023-07-01T03:16:22.078Z", "user": 20, "content_type": 10, "object_id": "7", "object_repr": "Egg Fried Rice", "action_flag": 1, "change_message": "[{\"added\": {}}]"}}, {"model": "admin.logentry", "pk": 65, "fields": {"action_time": "2023-07-01T03:17:03.096Z", "user": 20, "content_type": 10, "object_id": "8", "object_repr": "Chicken Fried Rice", "action_flag": 1, "change_message": "[{\"added\": {}}]"}}, {"model": "admin.logentry", "pk": 66, "fields": {"action_time": "2023-07-01T03:17:37.978Z", "user": 20, "content_type": 10, "object_id": "6", "object_repr": "Chicken Gravy", "action_flag": 2, "change_message": "[{\"changed\": {\"fields\": [\"Is available\"]}}]"}}, {"model": "admin.logentry", "pk": 67, "fields": {"action_time": "2023-07-01T03:17:50.014Z", "user": 20, "content_type": 10, "object_id": "6", "object_repr": "Chicken Gravy", "action_flag": 2, "change_message": "[{\"changed\": {\"fields\": [\"Is available\"]}}]"}}, {"model": "admin.logentry", "pk": 68, "fields": {"action_time": "2023-07-01T04:00:55.761Z", "user": 20, "content_type": 11, "object_id": "5", "object_repr": "Variety Rice", "action_flag": 2, "change_message": "[{\"changed\": {\"fields\": [\"Description\"]}}]"}}, {"model": "admin.logentry", "pk": 69, "fields": {"action_time": "2023-07-01T04:01:02.830Z", "user": 20, "content_type": 11, "object_id": "4", "object_repr": "Meals", "action_flag": 2, "change_message": "[{\"changed\": {\"fields\": [\"Description\"]}}]"}}, {"model": "admin.logentry", "pk": 70, "fields": {"action_time": "2023-07-01T04:01:19.308Z", "user": 20, "content_type": 11, "object_id": "3", "object_repr": "Fried RIce", "action_flag": 2, "change_message": "[{\"changed\": {\"fields\": [\"Description\"]}}]"}}, {"model": "admin.logentry", "pk": 71, "fields": {"action_time": "2023-07-01T04:01:26.549Z", "user": 20, "content_type": 11, "object_id": "2", "object_repr": "Gravy", "action_flag": 2, "change_message": "[{\"changed\": {\"fields\": [\"Description\"]}}]"}}, {"model": "admin.logentry", "pk": 72, "fields": {"action_time": "2023-07-01T04:01:34.034Z", "user": 20, "content_type": 11, "object_id": "1", "object_repr": "Biriyani", "action_flag": 2, "change_message": "[{\"changed\": {\"fields\": [\"Description\"]}}]"}}, {"model": "admin.logentry", "pk": 73, "fields": {"action_time": "2023-07-01T04:34:37.479Z", "user": 20, "content_type": 10, "object_id": "8", "object_repr": "Chicken Fried Rice", "action_flag": 2, "change_message": "[{\"changed\": {\"fields\": [\"Description\"]}}]"}}, {"model": "admin.logentry", "pk": 74, "fields": {"action_time": "2023-07-01T04:34:45.394Z", "user": 20, "content_type": 10, "object_id": "7", "object_repr": "Egg Fried Rice", "action_flag": 2, "change_message": "[{\"changed\": {\"fields\": [\"Description\"]}}]"}}, {"model": "admin.logentry", "pk": 75, "fields": {"action_time": "2023-07-01T04:34:53.029Z", "user": 20, "content_type": 10, "object_id": "6", "object_repr": "Chicken Gravy", "action_flag": 2, "change_message": "[{\"changed\": {\"fields\": [\"Description\"]}}]"}}, {"model": "admin.logentry", "pk": 76, "fields": {"action_time": "2023-07-01T04:35:00.024Z", "user": 20, "content_type": 10, "object_id": "5", "object_repr": "Mutton Gravy", "action_flag": 2, "change_message": "[{\"changed\": {\"fields\": [\"Description\"]}}]"}}, {"model": "admin.logentry", "pk": 77, "fields": {"action_time": "2023-07-01T04:35:06.311Z", "user": 20, "content_type": 10, "object_id": "4", "object_repr": "Curd Rice", "action_flag": 2, "change_message": "[{\"changed\": {\"fields\": [\"Description\"]}}]"}}, {"model": "admin.logentry", "pk": 78, "fields": {"action_time": "2023-07-01T04:35:13.456Z", "user": 20, "content_type": 10, "object_id": "3", "object_repr": "Sambar Rice", "action_flag": 2, "change_message": "[{\"changed\": {\"fields\": [\"Description\"]}}]"}}, {"model": "admin.logentry", "pk": 79, "fields": {"action_time": "2023-07-01T04:35:21.962Z", "user": 20, "content_type": 10, "object_id": "2", "object_repr": "South Indian Meals", "action_flag": 2, "change_message": "[{\"changed\": {\"fields\": [\"Description\"]}}]"}}, {"model": "admin.logentry", "pk": 80, "fields": {"action_time": "2023-07-01T04:35:30.233Z", "user": 20, "content_type": 10, "object_id": "1", "object_repr": "Mini Meals", "action_flag": 2, "change_message": "[{\"changed\": {\"fields\": [\"Description\"]}}]"}}, {"model": "admin.logentry", "pk": 81, "fields": {"action_time": "2023-07-01T09:40:57.095Z", "user": 20, "content_type": 11, "object_id": "7", "object_repr": "fef", "action_flag": 3, "change_message": ""}}, {"model": "admin.logentry", "pk": 82, "fields": {"action_time": "2023-07-02T07:48:57.758Z", "user": 20, "content_type": 9, "object_id": "6", "object_repr": "test rest", "action_flag": 2, "change_message": "[{\"changed\": {\"fields\": [\"Is approved\"]}}]"}}, {"model": "admin.logentry", "pk": 83, "fields": {"action_time": "2023-07-03T03:38:19.504Z", "user": 20, "content_type": 9, "object_id": "3", "object_repr": "sfsff", "action_flag": 3, "change_message": ""}}, {"model": "admin.logentry", "pk": 84, "fields": {"action_time": "2023-07-03T03:38:43.315Z", "user": 20, "content_type": 9, "object_id": "2", "object_repr": "African Cafe", "action_flag": 2, "change_message": "[{\"changed\": {\"fields\": [\"Restaurant slug\", \"Is approved\"]}}]"}}, {"model": "admin.logentry", "pk": 85, "fields": {"action_time": "2023-07-03T03:38:51.842Z", "user": 20, "content_type": 9, "object_id": "6", "object_repr": "test rest", "action_flag": 3, "change_message": ""}}, {"model": "admin.logentry", "pk": 86, "fields": {"action_time": "2023-07-03T03:39:10.520Z", "user": 20, "content_type": 9, "object_id": "4", "object_repr": "Saravana Bhavan", "action_flag": 2, "change_message": "[{\"changed\": {\"fields\": [\"Restaurant slug\"]}}]"}}, {"model": "admin.logentry", "pk": 87, "fields": {"action_time": "2023-07-03T03:39:30.676Z", "user": 20, "content_type": 9, "object_id": "5", "object_repr": "Muniyandi Vilas", "action_flag": 2, "change_message": "[{\"changed\": {\"fields\": [\"Restaurant slug\"]}}]"}}, {"model": "admin.logentry", "pk": 88, "fields": {"action_time": "2023-07-03T03:39:46.064Z", "user": 20, "content_type": 9, "object_id": "2", "object_repr": "African Cafe", "action_flag": 3, "change_message": ""}}, {"model": "admin.logentry", "pk": 89, "fields": {"action_time": "2023-07-03T03:40:39.135Z", "user": 20, "content_type": 6, "object_id": "32", "object_repr": "h@gmail.com", "action_flag": 3, "change_message": ""}}, {"model": "admin.logentry", "pk": 90, "fields": {"action_time": "2023-07-03T03:41:00.969Z", "user": 20, "content_type": 6, "object_id": "22", "object_repr": "faf@gmail.com", "action_flag": 3, "change_message": ""}}, {"model": "admin.logentry", "pk": 91, "fields": {"action_time": "2023-07-03T03:41:00.971Z", "user": 20, "content_type": 6, "object_id": "36", "object_repr": "test@gmail.com", "action_flag": 3, "change_message": ""}}, {"model": "admin.logentry", "pk": 92, "fields": {"action_time": "2023-07-03T03:41:00.973Z", "user": 20, "content_type": 6, "object_id": "33", "object_repr": "dw@gege.com", "action_flag": 3, "change_message": ""}}, {"model": "admin.logentry", "pk": 93, "fields": {"action_time": "2023-07-03T03:42:32.354Z", "user": 20, "content_type": 6, "object_id": "37", "object_repr": "", "action_flag": 1, "change_message": "[{\"added\": {}}]"}}, {"model": "admin.logentry", "pk": 94, "fields": {"action_time": "2023-07-03T03:42:52.120Z", "user": 20, "content_type": 6, "object_id": "37", "object_repr": "", "action_flag": 3, "change_message": ""}}, {"model": "admin.logentry", "pk": 95, "fields": {"action_time": "2023-07-03T03:45:38.926Z", "user": 20, "content_type": 6, "object_id": "38", "object_repr": "dk@gmail.com", "action_flag": 2, "change_message": "[{\"changed\": {\"fields\": [\"Email\"]}}]"}}, {"model": "admin.logentry", "pk": 96, "fields": {"action_time": "2023-07-03T03:46:13.160Z", "user": 20, "content_type": 9, "object_id": "7", "object_repr": "Adyar Anandha Bhavan", "action_flag": 2, "change_message": "[{\"changed\": {\"fields\": [\"Restaurant slug\"]}}]"}}, {"model": "admin.logentry", "pk": 97, "fields": {"action_time": "2023-07-03T03:46:17.147Z", "user": 20, "content_type": 9, "object_id": "5", "object_repr": "Muniyandi Vilas", "action_flag": 2, "change_message": "[]"}}, {"model": "admin.logentry", "pk": 98, "fields": {"action_time": "2023-07-03T03:46:20.195Z", "user": 20, "content_type": 9, "object_id": "4", "object_repr": "Saravana Bhavan", "action_flag": 2, "change_message": "[]"}}, {"model": "admin.logentry", "pk": 99, "fields": {"action_time": "2023-07-03T03:53:24.439Z", "user": 20, "content_type": 9, "object_id": "8", "object_repr": "tsterest", "action_flag": 3, "change_message": ""}}, {"model": "admin.logentry", "pk": 100, "fields": {"action_time": "2023-07-03T07:55:09.025Z", "user": 20, "content_type": 12, "object_id": "3", "object_repr": "Cart object (3)", "action_flag": 3, "change_message": ""}}, {"model": "admin.logentry", "pk": 101, "fields": {"action_time": "2023-07-03T09:33:27.137Z", "user": 20, "content_type": 12, "object_id": "5", "object_repr": "Cart object (5)", "action_flag": 3, "change_message": ""}}, {"model": "admin.logentry", "pk": 102, "fields": {"action_time": "2023-07-03T09:33:27.141Z", "user": 20, "content_type": 12, "object_id": "4", "object_repr": "Cart object (4)", "action_flag": 3, "change_message": ""}}, {"model": "admin.logentry", "pk": 103, "fields": {"action_time": "2023-07-03T09:33:27.142Z", "user": 20, "content_type": 12, "object_id": "2", "object_repr": "Cart object (2)", "action_flag": 3, "change_message": ""}}, {"model": "admin.logentry", "pk": 104, "fields": {"action_time": "2023-07-03T09:33:27.144Z", "user": 20, "content_type": 12, "object_id": "1", "object_repr": "Cart object (1)", "action_flag": 3, "change_message": ""}}, {"model": "admin.logentry", "pk": 105, "fields": {"action_time": "2023-07-05T04:40:15.449Z", "user": 20, "content_type": 9, "object_id": "7", "object_repr": "Adyar Anandha Bhavan", "action_flag": 2, "change_message": "[{\"changed\": {\"fields\": [\"Is approved\"]}}]"}}, {"model": "admin.logentry", "pk": 106, "fields": {"action_time": "2023-07-05T04:40:32.687Z", "user": 20, "content_type": 6, "object_id": "38", "object_repr": "dk@gmail.com", "action_flag": 2, "change_message": "[{\"changed\": {\"fields\": [\"Is active\"]}}]"}}, {"model": "admin.logentry", "pk": 107, "fields": {"action_time": "2023-07-05T04:55:03.622Z", "user": 20, "content_type": 6, "object_id": "34", "object_repr": "hareesh0317@gmail.com", "action_flag": 2, "change_message": "[{\"changed\": {\"fields\": [\"password\"]}}]"}}, {"model": "admin.logentry", "pk": 108, "fields": {"action_time": "2023-07-05T06:29:47.753Z", "user": 20, "content_type": 7, "object_id": "33", "object_repr": "rohit@gmail.com", "action_flag": 2, "change_message": "[]"}}, {"model": "admin.logentry", "pk": 109, "fields": {"action_time": "2023-07-05T06:30:11.079Z", "user": 20, "content_type": 7, "object_id": "33", "object_repr": "rohit@gmail.com", "action_flag": 2, "change_message": "[]"}}, {"model": "admin.logentry", "pk": 110, "fields": {"action_time": "2023-07-05T06:31:28.768Z", "user": 20, "content_type": 7, "object_id": "36", "object_repr": "dk@gmail.com", "action_flag": 2, "change_message": "[]"}}, {"model": "admin.logentry", "pk": 111, "fields": {"action_time": "2023-07-05T06:31:40.059Z", "user": 20, "content_type": 7, "object_id": "32", "object_repr": "hareesh0317@gmail.com", "action_flag": 2, "change_message": "[]"}}, {"model": "admin.logentry", "pk": 112, "fields": {"action_time": "2023-07-06T01:40:07.900Z", "user": 20, "content_type": 13, "object_id": "1", "object_repr": "Monday", "action_flag": 1, "change_message": "[{\"added\": {}}]"}}, {"model": "admin.logentry", "pk": 113, "fields": {"action_time": "2023-07-06T01:40:22.978Z", "user": 20, "content_type": 13, "object_id": "2", "object_repr": "Monday", "action_flag": 1, "change_message": "[{\"added\": {}}]"}}, {"model": "admin.logentry", "pk": 114, "fields": {"action_time": "2023-07-06T05:15:07.295Z", "user": 20, "content_type": 13, "object_id": "6", "object_repr": "Sunday", "action_flag": 3, "change_message": ""}}, {"model": "admin.logentry", "pk": 115, "fields": {"action_time": "2023-07-06T05:15:07.297Z", "user": 20, "content_type": 13, "object_id": "12", "object_repr": "Monday", "action_flag": 3, "change_message": ""}}, {"model": "admin.logentry", "pk": 116, "fields": {"action_time": "2023-07-06T05:15:07.298Z", "user": 20, "content_type": 13, "object_id": "2", "object_repr": "Monday", "action_flag": 3, "change_message": ""}}, {"model": "admin.logentry", "pk": 117, "fields": {"action_time": "2023-07-06T05:15:07.299Z", "user": 20, "content_type": 13, "object_id": "3", "object_repr": "Monday", "action_flag": 3, "change_message": ""}}, {"model": "admin.logentry", "pk": 118, "fields": {"action_time": "2023-07-06T05:15:07.300Z", "user": 20, "content_type": 13, "object_id": "1", "object_repr": "Monday", "action_flag": 3, "change_message": ""}}, {"model": "admin.logentry", "pk": 119, "fields": {"action_time": "2023-07-06T05:15:07.301Z", "user": 20, "content_type": 13, "object_id": "9", "object_repr": "Tuesday", "action_flag": 3, "change_message": ""}}, {"model": "admin.logentry", "pk": 120, "fields": {"action_time": "2023-07-06T05:15:07.301Z", "user": 20, "content_type": 13, "object_id": "13", "object_repr": "Wednesday", "action_flag": 3, "change_message": ""}}, {"model": "admin.logentry", "pk": 121, "fields": {"action_time": "2023-07-06T05:15:07.302Z", "user": 20, "content_type": 13, "object_id": "4", "object_repr": "Wednesday", "action_flag": 3, "change_message": ""}}, {"model": "admin.logentry", "pk": 122, "fields": {"action_time": "2023-07-06T05:15:07.303Z", "user": 20, "content_type": 13, "object_id": "10", "object_repr": "Thursday", "action_flag": 3, "change_message": ""}}, {"model": "admin.logentry", "pk": 123, "fields": {"action_time": "2023-07-06T05:15:07.304Z", "user": 20, "content_type": 13, "object_id": "15", "object_repr": "Friday", "action_flag": 3, "change_message": ""}}, {"model": "admin.logentry", "pk": 124, "fields": {"action_time": "2023-07-06T05:15:07.304Z", "user": 20, "content_type": 13, "object_id": "5", "object_repr": "Friday", "action_flag": 3, "change_message": ""}}, {"model": "admin.logentry", "pk": 125, "fields": {"action_time": "2023-07-06T05:15:07.305Z", "user": 20, "content_type": 13, "object_id": "11", "object_repr": "Saturday", "action_flag": 3, "change_message": ""}}, {"model": "admin.logentry", "pk": 126, "fields": {"action_time": "2023-07-06T05:24:41.314Z", "user": 20, "content_type": 13, "object_id": "16", "object_repr": "Sunday", "action_flag": 3, "change_message": ""}}, {"model": "admin.logentry", "pk": 127, "fields": {"action_time": "2023-07-06T05:24:41.317Z", "user": 20, "content_type": 13, "object_id": "17", "object_repr": "Monday", "action_flag": 3, "change_message": ""}}, {"model": "admin.logentry", "pk": 128, "fields": {"action_time": "2023-07-06T05:24:41.318Z", "user": 20, "content_type": 13, "object_id": "20", "object_repr": "Monday", "action_flag": 3, "change_message": ""}}, {"model": "admin.logentry", "pk": 129, "fields": {"action_time": "2023-07-06T05:24:41.319Z", "user": 20, "content_type": 13, "object_id": "18", "object_repr": "Monday", "action_flag": 3, "change_message": ""}}, {"model": "admin.logentry", "pk": 130, "fields": {"action_time": "2023-07-06T05:24:41.320Z", "user": 20, "content_type": 13, "object_id": "19", "object_repr": "Wednesday", "action_flag": 3, "change_message": ""}}, {"model": "admin.logentry", "pk": 131, "fields": {"action_time": "2023-07-06T05:24:41.321Z", "user": 20, "content_type": 13, "object_id": "21", "object_repr": "Thursday", "action_flag": 3, "change_message": ""}}, {"model": "admin.logentry", "pk": 132, "fields": {"action_time": "2023-07-06T05:24:41.322Z", "user": 20, "content_type": 13, "object_id": "22", "object_repr": "Friday", "action_flag": 3, "change_message": ""}}, {"model": "admin.logentry", "pk": 133, "fields": {"action_time": "2023-07-06T05:24:41.323Z", "user": 20, "content_type": 13, "object_id": "24", "object_repr": "Saturday", "action_flag": 3, "change_message": ""}}, {"model": "admin.logentry", "pk": 134, "fields": {"action_time": "2023-07-06T05:24:41.324Z", "user": 20, "content_type": 13, "object_id": "23", "object_repr": "Saturday", "action_flag": 3, "change_message": ""}}, {"model": "admin.logentry", "pk": 135, "fields": {"action_time": "2023-07-06T12:18:31.956Z", "user": 20, "content_type": 14, "object_id": "1", "object_repr": "wd", "action_flag": 1, "change_message": "[{\"added\": {}}]"}}, {"model": "admin.logentry", "pk": 136, "fields": {"action_time": "2023-07-06T12:18:45.352Z", "user": 20, "content_type": 14, "object_id": "1", "object_repr": "wd", "action_flag": 3, "change_message": ""}}, {"model": "admin.logentry", "pk": 137, "fields": {"action_time": "2023-07-06T12:22:10.449Z", "user": 20, "content_type": 14, "object_id": "2", "object_repr": "CGST", "action_flag": 1, "change_message": "[{\"added\": {}}]"}}, {"model": "admin.logentry", "pk": 138, "fields": {"action_time": "2023-07-06T12:22:20.820Z", "user": 20, "content_type": 14, "object_id": "3", "object_repr": "SGST", "action_flag": 1, "change_message": "[{\"added\": {}}]"}}, {"model": "admin.logentry", "pk": 139, "fields": {"action_time": "2023-07-07T09:57:35.219Z", "user": 20, "content_type": 6, "object_id": "35", "object_repr": "rohit@gmail.com", "action_flag": 2, "change_message": "[{\"changed\": {\"fields\": [\"Phone number\"]}}]"}}, {"model": "admin.logentry", "pk": 140, "fields": {"action_time": "2023-07-07T12:10:07.715Z", "user": 20, "content_type": 15, "object_id": "19", "object_repr": "20230707173919", "action_flag": 3, "change_message": ""}}, {"model": "admin.logentry", "pk": 141, "fields": {"action_time": "2023-07-07T12:10:07.719Z", "user": 20, "content_type": 15, "object_id": "18", "object_repr": "20230707173718", "action_flag": 3, "change_message": ""}}, {"model": "admin.logentry", "pk": 142, "fields": {"action_time": "2023-07-07T12:10:07.721Z", "user": 20, "content_type": 15, "object_id": "17", "object_repr": "20230707173617", "action_flag": 3, "change_message": ""}}, {"model": "admin.logentry", "pk": 143, "fields": {"action_time": "2023-07-07T12:10:07.722Z", "user": 20, "content_type": 15, "object_id": "16", "object_repr": "20230707173516", "action_flag": 3, "change_message": ""}}, {"model": "admin.logentry", "pk": 144, "fields": {"action_time": "2023-07-07T12:10:07.723Z", "user": 20, "content_type": 15, "object_id": "15", "object_repr": "20230707173215", "action_flag": 3, "change_message": ""}}, {"model": "admin.logentry", "pk": 145, "fields": {"action_time": "2023-07-07T12:10:07.724Z", "user": 20, "content_type": 15, "object_id": "14", "object_repr": "20230707172714", "action_flag": 3, "change_message": ""}}, {"model": "admin.logentry", "pk": 146, "fields": {"action_time": "2023-07-07T12:10:07.725Z", "user": 20, "content_type": 15, "object_id": "13", "object_repr": "20230707172613", "action_flag": 3, "change_message": ""}}, {"model": "admin.logentry", "pk": 147, "fields": {"action_time": "2023-07-07T12:10:07.726Z", "user": 20, "content_type": 15, "object_id": "12", "object_repr": "20230707172512", "action_flag": 3, "change_message": ""}}, {"model": "admin.logentry", "pk": 148, "fields": {"action_time": "2023-07-07T12:10:07.727Z", "user": 20, "content_type": 15, "object_id": "11", "object_repr": "20230707171711", "action_flag": 3, "change_message": ""}}, {"model": "admin.logentry", "pk": 149, "fields": {"action_time": "2023-07-07T12:10:07.728Z", "user": 20, "content_type": 15, "object_id": "10", "object_repr": "20230707153410", "action_flag": 3, "change_message": ""}}, {"model": "admin.logentry", "pk": 150, "fields": {"action_time": "2023-07-07T12:10:07.729Z", "user": 20, "content_type": 15, "object_id": "9", "object_repr": "2023070715349", "action_flag": 3, "change_message": ""}}, {"model": "admin.logentry", "pk": 151, "fields": {"action_time": "2023-07-07T12:10:07.729Z", "user": 20, "content_type": 15, "object_id": "8", "object_repr": "2023070715288", "action_flag": 3, "change_message": ""}}, {"model": "admin.logentry", "pk": 152, "fields": {"action_time": "2023-07-07T12:10:07.730Z", "user": 20, "content_type": 15, "object_id": "7", "object_repr": "2023070715277", "action_flag": 3, "change_message": ""}}, {"model": "admin.logentry", "pk": 153, "fields": {"action_time": "2023-07-07T12:10:07.731Z", "user": 20, "content_type": 15, "object_id": "6", "object_repr": "2023070715276", "action_flag": 3, "change_message": ""}}, {"model": "admin.logentry", "pk": 154, "fields": {"action_time": "2023-07-07T12:10:07.732Z", "user": 20, "content_type": 15, "object_id": "5", "object_repr": "2023070715255", "action_flag": 3, "change_message": ""}}, {"model": "admin.logentry", "pk": 155, "fields": {"action_time": "2023-07-07T12:10:07.732Z", "user": 20, "content_type": 15, "object_id": "4", "object_repr": "2023070715224", "action_flag": 3, "change_message": ""}}, {"model": "admin.logentry", "pk": 156, "fields": {"action_time": "2023-07-07T12:10:07.733Z", "user": 20, "content_type": 15, "object_id": "3", "object_repr": "2023070715223", "action_flag": 3, "change_message": ""}}, {"model": "admin.logentry", "pk": 157, "fields": {"action_time": "2023-07-07T12:10:07.734Z", "user": 20, "content_type": 15, "object_id": "2", "object_repr": "2023070712292", "action_flag": 3, "change_message": ""}}, {"model": "admin.logentry", "pk": 158, "fields": {"action_time": "2023-07-07T12:10:07.734Z", "user": 20, "content_type": 15, "object_id": "1", "object_repr": "123", "action_flag": 3, "change_message": ""}}, {"model": "admin.logentry", "pk": 159, "fields": {"action_time": "2023-07-08T03:13:30.770Z", "user": 20, "content_type": 15, "object_id": "58", "object_repr": "20230708063358", "action_flag": 3, "change_message": ""}}, {"model": "admin.logentry", "pk": 160, "fields": {"action_time": "2023-07-08T03:13:30.776Z", "user": 20, "content_type": 15, "object_id": "57", "object_repr": "20230708063357", "action_flag": 3, "change_message": ""}}, {"model": "admin.logentry", "pk": 161, "fields": {"action_time": "2023-07-08T03:13:30.778Z", "user": 20, "content_type": 15, "object_id": "56", "object_repr": "20230708055856", "action_flag": 3, "change_message": ""}}, {"model": "admin.logentry", "pk": 162, "fields": {"action_time": "2023-07-08T03:13:30.779Z", "user": 20, "content_type": 15, "object_id": "55", "object_repr": "20230708055755", "action_flag": 3, "change_message": ""}}, {"model": "admin.logentry", "pk": 163, "fields": {"action_time": "2023-07-08T03:13:30.780Z", "user": 20, "content_type": 15, "object_id": "54", "object_repr": "20230708055654", "action_flag": 3, "change_message": ""}}, {"model": "admin.logentry", "pk": 164, "fields": {"action_time": "2023-07-08T03:13:30.781Z", "user": 20, "content_type": 15, "object_id": "53", "object_repr": "20230708055453", "action_flag": 3, "change_message": ""}}, {"model": "admin.logentry", "pk": 165, "fields": {"action_time": "2023-07-08T03:13:30.781Z", "user": 20, "content_type": 15, "object_id": "52", "object_repr": "20230707193252", "action_flag": 3, "change_message": ""}}, {"model": "admin.logentry", "pk": 166, "fields": {"action_time": "2023-07-08T03:13:30.782Z", "user": 20, "content_type": 15, "object_id": "51", "object_repr": "20230707193051", "action_flag": 3, "change_message": ""}}, {"model": "admin.logentry", "pk": 167, "fields": {"action_time": "2023-07-08T03:13:30.783Z", "user": 20, "content_type": 15, "object_id": "50", "object_repr": "20230707192450", "action_flag": 3, "change_message": ""}}, {"model": "admin.logentry", "pk": 168, "fields": {"action_time": "2023-07-08T03:13:30.784Z", "user": 20, "content_type": 15, "object_id": "49", "object_repr": "20230707192349", "action_flag": 3, "change_message": ""}}, {"model": "admin.logentry", "pk": 169, "fields": {"action_time": "2023-07-08T03:13:30.784Z", "user": 20, "content_type": 15, "object_id": "48", "object_repr": "20230707191848", "action_flag": 3, "change_message": ""}}, {"model": "admin.logentry", "pk": 170, "fields": {"action_time": "2023-07-08T03:13:30.785Z", "user": 20, "content_type": 15, "object_id": "47", "object_repr": "20230707191547", "action_flag": 3, "change_message": ""}}, {"model": "admin.logentry", "pk": 171, "fields": {"action_time": "2023-07-08T03:13:30.786Z", "user": 20, "content_type": 15, "object_id": "46", "object_repr": "20230707191446", "action_flag": 3, "change_message": ""}}, {"model": "admin.logentry", "pk": 172, "fields": {"action_time": "2023-07-08T03:13:30.787Z", "user": 20, "content_type": 15, "object_id": "45", "object_repr": "20230707191145", "action_flag": 3, "change_message": ""}}, {"model": "admin.logentry", "pk": 173, "fields": {"action_time": "2023-07-08T03:13:30.787Z", "user": 20, "content_type": 15, "object_id": "44", "object_repr": "20230707191044", "action_flag": 3, "change_message": ""}}, {"model": "admin.logentry", "pk": 174, "fields": {"action_time": "2023-07-08T03:13:30.788Z", "user": 20, "content_type": 15, "object_id": "43", "object_repr": "20230707190743", "action_flag": 3, "change_message": ""}}, {"model": "admin.logentry", "pk": 175, "fields": {"action_time": "2023-07-08T03:13:30.789Z", "user": 20, "content_type": 15, "object_id": "42", "object_repr": "20230707190642", "action_flag": 3, "change_message": ""}}, {"model": "admin.logentry", "pk": 176, "fields": {"action_time": "2023-07-08T03:13:30.790Z", "user": 20, "content_type": 15, "object_id": "41", "object_repr": "20230707190141", "action_flag": 3, "change_message": ""}}, {"model": "admin.logentry", "pk": 177, "fields": {"action_time": "2023-07-08T03:13:30.790Z", "user": 20, "content_type": 15, "object_id": "40", "object_repr": "20230707185840", "action_flag": 3, "change_message": ""}}, {"model": "admin.logentry", "pk": 178, "fields": {"action_time": "2023-07-08T03:13:30.791Z", "user": 20, "content_type": 15, "object_id": "39", "object_repr": "20230707185639", "action_flag": 3, "change_message": ""}}, {"model": "admin.logentry", "pk": 179, "fields": {"action_time": "2023-07-08T03:13:30.792Z", "user": 20, "content_type": 15, "object_id": "38", "object_repr": "20230707185538", "action_flag": 3, "change_message": ""}}, {"model": "admin.logentry", "pk": 180, "fields": {"action_time": "2023-07-08T03:13:30.792Z", "user": 20, "content_type": 15, "object_id": "37", "object_repr": "20230707185437", "action_flag": 3, "change_message": ""}}, {"model": "admin.logentry", "pk": 181, "fields": {"action_time": "2023-07-08T03:13:30.793Z", "user": 20, "content_type": 15, "object_id": "36", "object_repr": "20230707185136", "action_flag": 3, "change_message": ""}}, {"model": "admin.logentry", "pk": 182, "fields": {"action_time": "2023-07-08T03:13:30.794Z", "user": 20, "content_type": 15, "object_id": "35", "object_repr": "20230707184735", "action_flag": 3, "change_message": ""}}, {"model": "admin.logentry", "pk": 183, "fields": {"action_time": "2023-07-08T03:13:30.795Z", "user": 20, "content_type": 15, "object_id": "34", "object_repr": "20230707184634", "action_flag": 3, "change_message": ""}}, {"model": "admin.logentry", "pk": 184, "fields": {"action_time": "2023-07-08T03:13:30.796Z", "user": 20, "content_type": 15, "object_id": "33", "object_repr": "20230707184433", "action_flag": 3, "change_message": ""}}, {"model": "admin.logentry", "pk": 185, "fields": {"action_time": "2023-07-08T03:13:30.797Z", "user": 20, "content_type": 15, "object_id": "32", "object_repr": "20230707183832", "action_flag": 3, "change_message": ""}}, {"model": "admin.logentry", "pk": 186, "fields": {"action_time": "2023-07-08T03:13:30.798Z", "user": 20, "content_type": 15, "object_id": "31", "object_repr": "20230707183731", "action_flag": 3, "change_message": ""}}, {"model": "admin.logentry", "pk": 187, "fields": {"action_time": "2023-07-08T03:13:30.799Z", "user": 20, "content_type": 15, "object_id": "30", "object_repr": "20230707183430", "action_flag": 3, "change_message": ""}}, {"model": "admin.logentry", "pk": 188, "fields": {"action_time": "2023-07-08T03:13:30.800Z", "user": 20, "content_type": 15, "object_id": "29", "object_repr": "20230707183229", "action_flag": 3, "change_message": ""}}, {"model": "admin.logentry", "pk": 189, "fields": {"action_time": "2023-07-08T03:13:30.801Z", "user": 20, "content_type": 15, "object_id": "28", "object_repr": "20230707183028", "action_flag": 3, "change_message": ""}}, {"model": "admin.logentry", "pk": 190, "fields": {"action_time": "2023-07-08T03:13:30.802Z", "user": 20, "content_type": 15, "object_id": "27", "object_repr": "20230707182227", "action_flag": 3, "change_message": ""}}, {"model": "admin.logentry", "pk": 191, "fields": {"action_time": "2023-07-08T03:13:30.804Z", "user": 20, "content_type": 15, "object_id": "26", "object_repr": "20230707182026", "action_flag": 3, "change_message": ""}}, {"model": "admin.logentry", "pk": 192, "fields": {"action_time": "2023-07-08T03:13:30.805Z", "user": 20, "content_type": 15, "object_id": "25", "object_repr": "20230707181925", "action_flag": 3, "change_message": ""}}, {"model": "admin.logentry", "pk": 193, "fields": {"action_time": "2023-07-08T03:13:30.806Z", "user": 20, "content_type": 15, "object_id": "24", "object_repr": "20230707181724", "action_flag": 3, "change_message": ""}}, {"model": "admin.logentry", "pk": 194, "fields": {"action_time": "2023-07-08T03:13:30.807Z", "user": 20, "content_type": 15, "object_id": "23", "object_repr": "20230707181623", "action_flag": 3, "change_message": ""}}, {"model": "admin.logentry", "pk": 195, "fields": {"action_time": "2023-07-08T03:13:30.809Z", "user": 20, "content_type": 15, "object_id": "22", "object_repr": "20230707181122", "action_flag": 3, "change_message": ""}}, {"model": "admin.logentry", "pk": 196, "fields": {"action_time": "2023-07-08T03:13:30.810Z", "user": 20, "content_type": 15, "object_id": "21", "object_repr": "20230707175721", "action_flag": 3, "change_message": ""}}, {"model": "admin.logentry", "pk": 197, "fields": {"action_time": "2023-07-08T03:13:30.811Z", "user": 20, "content_type": 15, "object_id": "20", "object_repr": "20230707174120", "action_flag": 3, "change_message": ""}}, {"model": "admin.logentry", "pk": 198, "fields": {"action_time": "2023-07-08T03:42:43.292Z", "user": 20, "content_type": 15, "object_id": "59", "object_repr": "20230708084259", "action_flag": 3, "change_message": ""}}, {"model": "admin.logentry", "pk": 199, "fields": {"action_time": "2023-07-08T03:42:49.922Z", "user": 20, "content_type": 16, "object_id": "1", "object_repr": "pay_MB9ckPkwNWRbV2", "action_flag": 3, "change_message": ""}}, {"model": "admin.logentry", "pk": 200, "fields": {"action_time": "2023-07-08T03:59:01.212Z", "user": 20, "content_type": 15, "object_id": "62", "object_repr": "20230708091462", "action_flag": 3, "change_message": ""}}, {"model": "admin.logentry", "pk": 201, "fields": {"action_time": "2023-07-08T07:28:46.884Z", "user": 20, "content_type": 16, "object_id": "16", "object_repr": "pay_MBDP7iCigvChkV", "action_flag": 3, "change_message": ""}}, {"model": "admin.logentry", "pk": 202, "fields": {"action_time": "2023-07-08T07:28:46.891Z", "user": 20, "content_type": 16, "object_id": "15", "object_repr": "pay_MBDHx4jfZ9mkIF", "action_flag": 3, "change_message": ""}}, {"model": "admin.logentry", "pk": 203, "fields": {"action_time": "2023-07-08T07:28:46.894Z", "user": 20, "content_type": 16, "object_id": "14", "object_repr": "pay_MBDD5YBdqpp4ah", "action_flag": 3, "change_message": ""}}, {"model": "admin.logentry", "pk": 204, "fields": {"action_time": "2023-07-08T07:28:46.895Z", "user": 20, "content_type": 16, "object_id": "13", "object_repr": "pay_MBCznrIQrYdAnW", "action_flag": 3, "change_message": ""}}, {"model": "admin.logentry", "pk": 205, "fields": {"action_time": "2023-07-08T07:28:46.897Z", "user": 20, "content_type": 16, "object_id": "12", "object_repr": "pay_MBCu37bWNsZA7i", "action_flag": 3, "change_message": ""}}, {"model": "admin.logentry", "pk": 206, "fields": {"action_time": "2023-07-08T07:28:46.899Z", "user": 20, "content_type": 16, "object_id": "11", "object_repr": "pay_MBCnTrLmWd0HMP", "action_flag": 3, "change_message": ""}}, {"model": "admin.logentry", "pk": 207, "fields": {"action_time": "2023-07-08T07:28:46.901Z", "user": 20, "content_type": 16, "object_id": "10", "object_repr": "pay_MBBftiYGKWXibb", "action_flag": 3, "change_message": ""}}, {"model": "admin.logentry", "pk": 208, "fields": {"action_time": "2023-07-08T07:28:46.902Z", "user": 20, "content_type": 16, "object_id": "9", "object_repr": "pay_MBBequz8996WvO", "action_flag": 3, "change_message": ""}}, {"model": "admin.logentry", "pk": 209, "fields": {"action_time": "2023-07-08T07:28:46.904Z", "user": 20, "content_type": 16, "object_id": "8", "object_repr": "pay_MBBdHmjWSTD4IU", "action_flag": 3, "change_message": ""}}, {"model": "admin.logentry", "pk": 210, "fields": {"action_time": "2023-07-08T07:28:46.905Z", "user": 20, "content_type": 16, "object_id": "7", "object_repr": "pay_MBBIewOot3CqPI", "action_flag": 3, "change_message": ""}}, {"model": "admin.logentry", "pk": 211, "fields": {"action_time": "2023-07-08T07:28:46.906Z", "user": 20, "content_type": 16, "object_id": "6", "object_repr": "pay_MBAtWqELv0ToWp", "action_flag": 3, "change_message": ""}}, {"model": "admin.logentry", "pk": 212, "fields": {"action_time": "2023-07-08T07:28:46.908Z", "user": 20, "content_type": 16, "object_id": "5", "object_repr": "pay_MBAsMlePRtOknI", "action_flag": 3, "change_message": ""}}, {"model": "admin.logentry", "pk": 213, "fields": {"action_time": "2023-07-08T07:28:46.909Z", "user": 20, "content_type": 16, "object_id": "4", "object_repr": "pay_MBAmdkRszK6sBm", "action_flag": 3, "change_message": ""}}, {"model": "admin.logentry", "pk": 214, "fields": {"action_time": "2023-07-08T07:28:46.910Z", "user": 20, "content_type": 16, "object_id": "3", "object_repr": "pay_MBAAWB8xyyVwIW", "action_flag": 3, "change_message": ""}}, {"model": "admin.logentry", "pk": 215, "fields": {"action_time": "2023-07-08T07:28:46.912Z", "user": 20, "content_type": 16, "object_id": "2", "object_repr": "pay_MBA6vmcJiEamSJ", "action_flag": 3, "change_message": ""}}, {"model": "admin.logentry", "pk": 216, "fields": {"action_time": "2023-07-08T07:28:58.559Z", "user": 20, "content_type": 17, "object_id": "22", "object_repr": "Egg Fried Rice", "action_flag": 3, "change_message": ""}}, {"model": "admin.logentry", "pk": 217, "fields": {"action_time": "2023-07-08T07:28:58.562Z", "user": 20, "content_type": 17, "object_id": "21", "object_repr": "Chicken Biriyani", "action_flag": 3, "change_message": ""}}, {"model": "admin.logentry", "pk": 218, "fields": {"action_time": "2023-07-08T07:28:58.564Z", "user": 20, "content_type": 17, "object_id": "20", "object_repr": "Egg Fried Rice", "action_flag": 3, "change_message": ""}}, {"model": "admin.logentry", "pk": 219, "fields": {"action_time": "2023-07-08T07:28:58.566Z", "user": 20, "content_type": 17, "object_id": "19", "object_repr": "Chicken Fried Rice", "action_flag": 3, "change_message": ""}}, {"model": "admin.logentry", "pk": 220, "fields": {"action_time": "2023-07-08T07:28:58.567Z", "user": 20, "content_type": 17, "object_id": "18", "object_repr": "Gobi Fried rice", "action_flag": 3, "change_message": ""}}, {"model": "admin.logentry", "pk": 221, "fields": {"action_time": "2023-07-08T07:28:58.569Z", "user": 20, "content_type": 17, "object_id": "17", "object_repr": "Veg Fried rice", "action_flag": 3, "change_message": ""}}, {"model": "admin.logentry", "pk": 222, "fields": {"action_time": "2023-07-08T07:28:58.570Z", "user": 20, "content_type": 17, "object_id": "16", "object_repr": "Gobi Fried rice", "action_flag": 3, "change_message": ""}}, {"model": "admin.logentry", "pk": 223, "fields": {"action_time": "2023-07-08T07:28:58.571Z", "user": 20, "content_type": 17, "object_id": "15", "object_repr": "Veg Fried rice", "action_flag": 3, "change_message": ""}}, {"model": "admin.logentry", "pk": 224, "fields": {"action_time": "2023-07-08T07:28:58.573Z", "user": 20, "content_type": 17, "object_id": "14", "object_repr": "Mini Meals", "action_flag": 3, "change_message": ""}}, {"model": "admin.logentry", "pk": 225, "fields": {"action_time": "2023-07-08T07:28:58.575Z", "user": 20, "content_type": 17, "object_id": "13", "object_repr": "South Indian Meals", "action_flag": 3, "change_message": ""}}, {"model": "admin.logentry", "pk": 226, "fields": {"action_time": "2023-07-08T07:28:58.576Z", "user": 20, "content_type": 17, "object_id": "12", "object_repr": "Kids meals", "action_flag": 3, "change_message": ""}}, {"model": "admin.logentry", "pk": 227, "fields": {"action_time": "2023-07-08T07:28:58.578Z", "user": 20, "content_type": 17, "object_id": "11", "object_repr": "Family meals", "action_flag": 3, "change_message": ""}}, {"model": "admin.logentry", "pk": 228, "fields": {"action_time": "2023-07-08T07:28:58.579Z", "user": 20, "content_type": 17, "object_id": "10", "object_repr": "Mutton Gravy", "action_flag": 3, "change_message": ""}}, {"model": "admin.logentry", "pk": 229, "fields": {"action_time": "2023-07-08T07:28:58.580Z", "user": 20, "content_type": 17, "object_id": "9", "object_repr": "Chicken Biriyani", "action_flag": 3, "change_message": ""}}, {"model": "admin.logentry", "pk": 230, "fields": {"action_time": "2023-07-08T07:28:58.582Z", "user": 20, "content_type": 17, "object_id": "8", "object_repr": "Kids meals", "action_flag": 3, "change_message": ""}}, {"model": "admin.logentry", "pk": 231, "fields": {"action_time": "2023-07-08T07:28:58.583Z", "user": 20, "content_type": 17, "object_id": "7", "object_repr": "Kids meals", "action_flag": 3, "change_message": ""}}, {"model": "admin.logentry", "pk": 232, "fields": {"action_time": "2023-07-08T07:28:58.584Z", "user": 20, "content_type": 17, "object_id": "6", "object_repr": "Kids meals", "action_flag": 3, "change_message": ""}}, {"model": "admin.logentry", "pk": 233, "fields": {"action_time": "2023-07-08T07:28:58.585Z", "user": 20, "content_type": 17, "object_id": "5", "object_repr": "Kids meals", "action_flag": 3, "change_message": ""}}, {"model": "admin.logentry", "pk": 234, "fields": {"action_time": "2023-07-08T07:28:58.586Z", "user": 20, "content_type": 17, "object_id": "4", "object_repr": "Kids meals", "action_flag": 3, "change_message": ""}}, {"model": "admin.logentry", "pk": 235, "fields": {"action_time": "2023-07-08T07:28:58.588Z", "user": 20, "content_type": 17, "object_id": "3", "object_repr": "Kids meals", "action_flag": 3, "change_message": ""}}, {"model": "admin.logentry", "pk": 236, "fields": {"action_time": "2023-07-08T07:28:58.589Z", "user": 20, "content_type": 17, "object_id": "2", "object_repr": "Kids meals", "action_flag": 3, "change_message": ""}}, {"model": "admin.logentry", "pk": 237, "fields": {"action_time": "2023-07-08T07:29:50.786Z", "user": 20, "content_type": 15, "object_id": "83", "object_repr": "20230708125583", "action_flag": 3, "change_message": ""}}, {"model": "admin.logentry", "pk": 238, "fields": {"action_time": "2023-07-08T07:29:50.791Z", "user": 20, "content_type": 15, "object_id": "82", "object_repr": "20230708125482", "action_flag": 3, "change_message": ""}}, {"model": "admin.logentry", "pk": 239, "fields": {"action_time": "2023-07-08T07:29:50.792Z", "user": 20, "content_type": 15, "object_id": "81", "object_repr": "20230708125481", "action_flag": 3, "change_message": ""}}, {"model": "admin.logentry", "pk": 240, "fields": {"action_time": "2023-07-08T07:29:50.794Z", "user": 20, "content_type": 15, "object_id": "80", "object_repr": "20230708125180", "action_flag": 3, "change_message": ""}}, {"model": "admin.logentry", "pk": 241, "fields": {"action_time": "2023-07-08T07:29:50.795Z", "user": 20, "content_type": 15, "object_id": "79", "object_repr": "20230708122479", "action_flag": 3, "change_message": ""}}, {"model": "admin.logentry", "pk": 242, "fields": {"action_time": "2023-07-08T07:29:50.798Z", "user": 20, "content_type": 15, "object_id": "78", "object_repr": "20230708121778", "action_flag": 3, "change_message": ""}}, {"model": "admin.logentry", "pk": 243, "fields": {"action_time": "2023-07-08T07:29:50.799Z", "user": 20, "content_type": 15, "object_id": "77", "object_repr": "20230708121277", "action_flag": 3, "change_message": ""}}, {"model": "admin.logentry", "pk": 244, "fields": {"action_time": "2023-07-08T07:29:50.801Z", "user": 20, "content_type": 15, "object_id": "76", "object_repr": "20230708115976", "action_flag": 3, "change_message": ""}}, {"model": "admin.logentry", "pk": 245, "fields": {"action_time": "2023-07-08T07:29:50.802Z", "user": 20, "content_type": 15, "object_id": "75", "object_repr": "20230708115475", "action_flag": 3, "change_message": ""}}, {"model": "admin.logentry", "pk": 246, "fields": {"action_time": "2023-07-08T07:29:50.803Z", "user": 20, "content_type": 15, "object_id": "74", "object_repr": "20230708114874", "action_flag": 3, "change_message": ""}}, {"model": "admin.logentry", "pk": 247, "fields": {"action_time": "2023-07-08T07:29:50.804Z", "user": 20, "content_type": 15, "object_id": "73", "object_repr": "20230708104273", "action_flag": 3, "change_message": ""}}, {"model": "admin.logentry", "pk": 248, "fields": {"action_time": "2023-07-08T07:29:50.805Z", "user": 20, "content_type": 15, "object_id": "72", "object_repr": "20230708104172", "action_flag": 3, "change_message": ""}}, {"model": "admin.logentry", "pk": 249, "fields": {"action_time": "2023-07-08T07:29:50.807Z", "user": 20, "content_type": 15, "object_id": "71", "object_repr": "20230708104071", "action_flag": 3, "change_message": ""}}, {"model": "admin.logentry", "pk": 250, "fields": {"action_time": "2023-07-08T07:29:50.808Z", "user": 20, "content_type": 15, "object_id": "70", "object_repr": "20230708103970", "action_flag": 3, "change_message": ""}}, {"model": "admin.logentry", "pk": 251, "fields": {"action_time": "2023-07-08T07:29:50.809Z", "user": 20, "content_type": 15, "object_id": "69", "object_repr": "20230708102069", "action_flag": 3, "change_message": ""}}, {"model": "admin.logentry", "pk": 252, "fields": {"action_time": "2023-07-08T07:29:50.810Z", "user": 20, "content_type": 15, "object_id": "68", "object_repr": "20230708101968", "action_flag": 3, "change_message": ""}}, {"model": "admin.logentry", "pk": 253, "fields": {"action_time": "2023-07-08T07:29:50.812Z", "user": 20, "content_type": 15, "object_id": "67", "object_repr": "20230708095667", "action_flag": 3, "change_message": ""}}, {"model": "admin.logentry", "pk": 254, "fields": {"action_time": "2023-07-08T07:29:50.813Z", "user": 20, "content_type": 15, "object_id": "66", "object_repr": "20230708095666", "action_flag": 3, "change_message": ""}}, {"model": "admin.logentry", "pk": 255, "fields": {"action_time": "2023-07-08T07:29:50.814Z", "user": 20, "content_type": 15, "object_id": "65", "object_repr": "20230708095565", "action_flag": 3, "change_message": ""}}, {"model": "admin.logentry", "pk": 256, "fields": {"action_time": "2023-07-08T07:29:50.816Z", "user": 20, "content_type": 15, "object_id": "64", "object_repr": "20230708094964", "action_flag": 3, "change_message": ""}}, {"model": "admin.logentry", "pk": 257, "fields": {"action_time": "2023-07-08T07:29:50.817Z", "user": 20, "content_type": 15, "object_id": "63", "object_repr": "20230708094963", "action_flag": 3, "change_message": ""}}, {"model": "admin.logentry", "pk": 258, "fields": {"action_time": "2023-07-08T07:29:50.819Z", "user": 20, "content_type": 15, "object_id": "61", "object_repr": "20230708091461", "action_flag": 3, "change_message": ""}}, {"model": "admin.logentry", "pk": 259, "fields": {"action_time": "2023-07-08T07:29:50.820Z", "user": 20, "content_type": 15, "object_id": "60", "object_repr": "20230708091060", "action_flag": 3, "change_message": ""}}, {"model": "admin.logentry", "pk": 260, "fields": {"action_time": "2023-07-09T01:09:22.536Z", "user": 20, "content_type": 15, "object_id": "92", "object_repr": "20230708151792", "action_flag": 3, "change_message": ""}}, {"model": "admin.logentry", "pk": 261, "fields": {"action_time": "2023-07-09T01:09:22.539Z", "user": 20, "content_type": 15, "object_id": "91", "object_repr": "20230708151691", "action_flag": 3, "change_message": ""}}, {"model": "admin.logentry", "pk": 262, "fields": {"action_time": "2023-07-09T01:09:22.541Z", "user": 20, "content_type": 15, "object_id": "90", "object_repr": "20230708151090", "action_flag": 3, "change_message": ""}}, {"model": "admin.logentry", "pk": 263, "fields": {"action_time": "2023-07-09T01:09:22.542Z", "user": 20, "content_type": 15, "object_id": "89", "object_repr": "20230708150989", "action_flag": 3, "change_message": ""}}, {"model": "admin.logentry", "pk": 264, "fields": {"action_time": "2023-07-09T01:09:22.544Z", "user": 20, "content_type": 15, "object_id": "88", "object_repr": "20230708150188", "action_flag": 3, "change_message": ""}}, {"model": "admin.logentry", "pk": 265, "fields": {"action_time": "2023-07-09T01:09:22.546Z", "user": 20, "content_type": 15, "object_id": "87", "object_repr": "20230708150087", "action_flag": 3, "change_message": ""}}, {"model": "admin.logentry", "pk": 266, "fields": {"action_time": "2023-07-09T01:09:22.547Z", "user": 20, "content_type": 15, "object_id": "86", "object_repr": "20230708144186", "action_flag": 3, "change_message": ""}}, {"model": "admin.logentry", "pk": 267, "fields": {"action_time": "2023-07-09T01:09:22.549Z", "user": 20, "content_type": 15, "object_id": "85", "object_repr": "20230708144185", "action_flag": 3, "change_message": ""}}, {"model": "admin.logentry", "pk": 268, "fields": {"action_time": "2023-07-09T01:10:55.613Z", "user": 20, "content_type": 15, "object_id": "99", "object_repr": "20230708153399", "action_flag": 2, "change_message": "[{\"changed\": {\"fields\": [\"Restaurants\"]}}]"}}, {"model": "admin.logentry", "pk": 269, "fields": {"action_time": "2023-07-09T01:11:02.572Z", "user": 20, "content_type": 15, "object_id": "98", "object_repr": "20230708153298", "action_flag": 2, "change_message": "[{\"changed\": {\"fields\": [\"Restaurants\"]}}]"}}, {"model": "admin.logentry", "pk": 270, "fields": {"action_time": "2023-07-09T01:11:08.203Z", "user": 20, "content_type": 15, "object_id": "97", "object_repr": "20230708153097", "action_flag": 2, "change_message": "[{\"changed\": {\"fields\": [\"Restaurants\"]}}]"}}, {"model": "admin.logentry", "pk": 271, "fields": {"action_time": "2023-07-09T01:11:15.344Z", "user": 20, "content_type": 15, "object_id": "96", "object_repr": "20230708152796", "action_flag": 2, "change_message": "[{\"changed\": {\"fields\": [\"Restaurants\"]}}]"}}, {"model": "admin.logentry", "pk": 272, "fields": {"action_time": "2023-07-09T01:11:22.043Z", "user": 20, "content_type": 15, "object_id": "95", "object_repr": "20230708152595", "action_flag": 2, "change_message": "[{\"changed\": {\"fields\": [\"Restaurants\"]}}]"}}, {"model": "admin.logentry", "pk": 273, "fields": {"action_time": "2023-07-09T01:11:28.110Z", "user": 20, "content_type": 15, "object_id": "96", "object_repr": "20230708152796", "action_flag": 2, "change_message": "[]"}}, {"model": "admin.logentry", "pk": 274, "fields": {"action_time": "2023-07-09T01:11:31.682Z", "user": 20, "content_type": 15, "object_id": "95", "object_repr": "20230708152595", "action_flag": 2, "change_message": "[]"}}, {"model": "admin.logentry", "pk": 275, "fields": {"action_time": "2023-07-09T01:11:53.327Z", "user": 20, "content_type": 15, "object_id": "95", "object_repr": "20230708152595", "action_flag": 3, "change_message": ""}}, {"model": "admin.logentry", "pk": 276, "fields": {"action_time": "2023-07-09T01:11:53.330Z", "user": 20, "content_type": 15, "object_id": "94", "object_repr": "20230708152394", "action_flag": 3, "change_message": ""}}, {"model": "admin.logentry", "pk": 277, "fields": {"action_time": "2023-07-09T01:11:53.332Z", "user": 20, "content_type": 15, "object_id": "93", "object_repr": "20230708152293", "action_flag": 3, "change_message": ""}}, {"model": "admin.logentry", "pk": 278, "fields": {"action_time": "2023-07-09T01:13:35.489Z", "user": 20, "content_type": 15, "object_id": "99", "object_repr": "20230708153399", "action_flag": 3, "change_message": ""}}, {"model": "admin.logentry", "pk": 279, "fields": {"action_time": "2023-07-09T01:13:35.493Z", "user": 20, "content_type": 15, "object_id": "98", "object_repr": "20230708153298", "action_flag": 3, "change_message": ""}}, {"model": "admin.logentry", "pk": 280, "fields": {"action_time": "2023-07-09T01:13:35.495Z", "user": 20, "content_type": 15, "object_id": "97", "object_repr": "20230708153097", "action_flag": 3, "change_message": ""}}, {"model": "admin.logentry", "pk": 281, "fields": {"action_time": "2023-07-09T01:13:35.496Z", "user": 20, "content_type": 15, "object_id": "96", "object_repr": "20230708152796", "action_flag": 3, "change_message": ""}}, {"model": "admin.logentry", "pk": 282, "fields": {"action_time": "2023-07-09T01:14:18.339Z", "user": 20, "content_type": 16, "object_id": "22", "object_repr": "pay_MBGdmI9xGIo4hY", "action_flag": 3, "change_message": ""}}, {"model": "admin.logentry", "pk": 283, "fields": {"action_time": "2023-07-09T01:14:18.342Z", "user": 20, "content_type": 16, "object_id": "21", "object_repr": "pay_MBGc4hE6CTQSLQ", "action_flag": 3, "change_message": ""}}, {"model": "admin.logentry", "pk": 284, "fields": {"action_time": "2023-07-09T01:14:18.343Z", "user": 20, "content_type": 16, "object_id": "20", "object_repr": "pay_MBGWnOlxsdKo2S", "action_flag": 3, "change_message": ""}}, {"model": "admin.logentry", "pk": 285, "fields": {"action_time": "2023-07-09T01:14:18.345Z", "user": 20, "content_type": 16, "object_id": "19", "object_repr": "pay_MBG5IuIdJs4rZt", "action_flag": 3, "change_message": ""}}, {"model": "admin.logentry", "pk": 286, "fields": {"action_time": "2023-07-09T01:14:18.346Z", "user": 20, "content_type": 16, "object_id": "18", "object_repr": "pay_MBG43O8xEoWbqY", "action_flag": 3, "change_message": ""}}, {"model": "admin.logentry", "pk": 287, "fields": {"action_time": "2023-07-09T01:14:18.348Z", "user": 20, "content_type": 16, "object_id": "17", "object_repr": "pay_MBFlHuLQieJ0Hc", "action_flag": 3, "change_message": ""}}, {"model": "admin.logentry", "pk": 288, "fields": {"action_time": "2023-07-09T06:44:47.441Z", "user": 20, "content_type": 14, "object_id": "3", "object_repr": "SGST", "action_flag": 2, "change_message": "[{\"changed\": {\"fields\": [\"Tax Percentage (%)\"]}}]"}}, {"model": "admin.logentry", "pk": 289, "fields": {"action_time": "2023-07-09T06:44:57.347Z", "user": 20, "content_type": 14, "object_id": "2", "object_repr": "CGST", "action_flag": 2, "change_message": "[{\"changed\": {\"fields\": [\"Tax Percentage (%)\"]}}]"}}, {"model": "admin.logentry", "pk": 290, "fields": {"action_time": "2023-07-09T06:45:12.481Z", "user": 20, "content_type": 14, "object_id": "3", "object_repr": "SGST", "action_flag": 2, "change_message": "[{\"changed\": {\"fields\": [\"Tax Percentage (%)\"]}}]"}}, {"model": "admin.logentry", "pk": 291, "fields": {"action_time": "2023-07-09T06:45:19.271Z", "user": 20, "content_type": 14, "object_id": "2", "object_repr": "CGST", "action_flag": 2, "change_message": "[{\"changed\": {\"fields\": [\"Tax Percentage (%)\"]}}]"}}, {"model": "admin.logentry", "pk": 292, "fields": {"action_time": "2023-07-09T12:39:50.001Z", "user": 20, "content_type": 15, "object_id": "104", "object_repr": "202307091110104", "action_flag": 3, "change_message": ""}}, {"model": "admin.logentry", "pk": 293, "fields": {"action_time": "2023-07-09T12:39:50.004Z", "user": 20, "content_type": 15, "object_id": "103", "object_repr": "202307091108103", "action_flag": 3, "change_message": ""}}, {"model": "admin.logentry", "pk": 294, "fields": {"action_time": "2023-07-09T12:39:50.005Z", "user": 20, "content_type": 15, "object_id": "102", "object_repr": "202307090726102", "action_flag": 3, "change_message": ""}}, {"model": "admin.logentry", "pk": 295, "fields": {"action_time": "2023-07-09T12:39:50.006Z", "user": 20, "content_type": 15, "object_id": "101", "object_repr": "202307090712101", "action_flag": 3, "change_message": ""}}, {"model": "admin.logentry", "pk": 296, "fields": {"action_time": "2023-07-09T12:39:50.007Z", "user": 20, "content_type": 15, "object_id": "100", "object_repr": "202307090645100", "action_flag": 3, "change_message": ""}}, {"model": "admin.logentry", "pk": 297, "fields": {"action_time": "2023-07-09T12:40:02.549Z", "user": 20, "content_type": 16, "object_id": "24", "object_repr": "pay_MBWrl2i3CaRZ86", "action_flag": 3, "change_message": ""}}, {"model": "admin.logentry", "pk": 298, "fields": {"action_time": "2023-07-09T12:40:02.551Z", "user": 20, "content_type": 16, "object_id": "23", "object_repr": "pay_MBWAteyRlLr6Si", "action_flag": 3, "change_message": ""}}, {"model": "admin.logentry", "pk": 299, "fields": {"action_time": "2023-07-09T12:43:18.464Z", "user": 20, "content_type": 16, "object_id": "26", "object_repr": "pay_MBhrlV5q15Ro4B", "action_flag": 3, "change_message": ""}}, {"model": "admin.logentry", "pk": 300, "fields": {"action_time": "2023-07-09T12:43:27.446Z", "user": 20, "content_type": 15, "object_id": "106", "object_repr": "202307091811106", "action_flag": 3, "change_message": ""}}, {"model": "auth.permission", "pk": 1, "fields": {"name": "Can add log entry", "content_type": 1, "codename": "add_logentry"}}, {"model": "auth.permission", "pk": 2, "fields": {"name": "Can change log entry", "content_type": 1, "codename": "change_logentry"}}, {"model": "auth.permission", "pk": 3, "fields": {"name": "Can delete log entry", "content_type": 1, "codename": "delete_logentry"}}, {"model": "auth.permission", "pk": 4, "fields": {"name": "Can view log entry", "content_type": 1, "codename": "view_logentry"}}, {"model": "auth.permission", "pk": 5, "fields": {"name": "Can add permission", "content_type": 2, "codename": "add_permission"}}, {"model": "auth.permission", "pk": 6, "fields": {"name": "Can change permission", "content_type": 2, "codename": "change_permission"}}, {"model": "auth.permission", "pk": 7, "fields": {"name": "Can delete permission", "content_type": 2, "codename": "delete_permission"}}, {"model": "auth.permission", "pk": 8, "fields": {"name": "Can view permission", "content_type": 2, "codename": "view_permission"}}, {"model": "auth.permission", "pk": 9, "fields": {"name": "Can add group", "content_type": 3, "codename": "add_group"}}, {"model": "auth.permission", "pk": 10, "fields": {"name": "Can change group", "content_type": 3, "codename": "change_group"}}, {"model": "auth.permission", "pk": 11, "fields": {"name": "Can delete group", "content_type": 3, "codename": "delete_group"}}, {"model": "auth.permission", "pk": 12, "fields": {"name": "Can view group", "content_type": 3, "codename": "view_group"}}, {"model": "auth.permission", "pk": 13, "fields": {"name": "Can add content type", "content_type": 4, "codename": "add_contenttype"}}, {"model": "auth.permission", "pk": 14, "fields": {"name": "Can change content type", "content_type": 4, "codename": "change_contenttype"}}, {"model": "auth.permission", "pk": 15, "fields": {"name": "Can delete content type", "content_type": 4, "codename": "delete_contenttype"}}, {"model": "auth.permission", "pk": 16, "fields": {"name": "Can view content type", "content_type": 4, "codename": "view_contenttype"}}, {"model": "auth.permission", "pk": 17, "fields": {"name": "Can add session", "content_type": 5, "codename": "add_session"}}, {"model": "auth.permission", "pk": 18, "fields": {"name": "Can change session", "content_type": 5, "codename": "change_session"}}, {"model": "auth.permission", "pk": 19, "fields": {"name": "Can delete session", "content_type": 5, "codename": "delete_session"}}, {"model": "auth.permission", "pk": 20, "fields": {"name": "Can view session", "content_type": 5, "codename": "view_session"}}, {"model": "auth.permission", "pk": 21, "fields": {"name": "Can add user", "content_type": 6, "codename": "add_user"}}, {"model": "auth.permission", "pk": 22, "fields": {"name": "Can change user", "content_type": 6, "codename": "change_user"}}, {"model": "auth.permission", "pk": 23, "fields": {"name": "Can delete user", "content_type": 6, "codename": "delete_user"}}, {"model": "auth.permission", "pk": 24, "fields": {"name": "Can view user", "content_type": 6, "codename": "view_user"}}, {"model": "auth.permission", "pk": 25, "fields": {"name": "Can add user profile", "content_type": 7, "codename": "add_userprofile"}}, {"model": "auth.permission", "pk": 26, "fields": {"name": "Can change user profile", "content_type": 7, "codename": "change_userprofile"}}, {"model": "auth.permission", "pk": 27, "fields": {"name": "Can delete user profile", "content_type": 7, "codename": "delete_userprofile"}}, {"model": "auth.permission", "pk": 28, "fields": {"name": "Can view user profile", "content_type": 7, "codename": "view_userprofile"}}, {"model": "auth.permission", "pk": 29, "fields": {"name": "Can add vendor", "content_type": 8, "codename": "add_vendor"}}, {"model": "auth.permission", "pk": 30, "fields": {"name": "Can change vendor", "content_type": 8, "codename": "change_vendor"}}, {"model": "auth.permission", "pk": 31, "fields": {"name": "Can delete vendor", "content_type": 8, "codename": "delete_vendor"}}, {"model": "auth.permission", "pk": 32, "fields": {"name": "Can view vendor", "content_type": 8, "codename": "view_vendor"}}, {"model": "auth.permission", "pk": 33, "fields": {"name": "Can add restaurant", "content_type": 9, "codename": "add_restaurant"}}, {"model": "auth.permission", "pk": 34, "fields": {"name": "Can change restaurant", "content_type": 9, "codename": "change_restaurant"}}, {"model": "auth.permission", "pk": 35, "fields": {"name": "Can delete restaurant", "content_type": 9, "codename": "delete_restaurant"}}, {"model": "auth.permission", "pk": 36, "fields": {"name": "Can view restaurant", "content_type": 9, "codename": "view_restaurant"}}, {"model": "auth.permission", "pk": 37, "fields": {"name": "Can add food item", "content_type": 10, "codename": "add_fooditem"}}, {"model": "auth.permission", "pk": 38, "fields": {"name": "Can change food item", "content_type": 10, "codename": "change_fooditem"}}, {"model": "auth.permission", "pk": 39, "fields": {"name": "Can delete food item", "content_type": 10, "codename": "delete_fooditem"}}, {"model": "auth.permission", "pk": 40, "fields": {"name": "Can view food item", "content_type": 10, "codename": "view_fooditem"}}, {"model": "auth.permission", "pk": 41, "fields": {"name": "Can add category", "content_type": 11, "codename": "add_category"}}, {"model": "auth.permission", "pk": 42, "fields": {"name": "Can change category", "content_type": 11, "codename": "change_category"}}, {"model": "auth.permission", "pk": 43, "fields": {"name": "Can delete category", "content_type": 11, "codename": "delete_category"}}, {"model": "auth.permission", "pk": 44, "fields": {"name": "Can view category", "content_type": 11, "codename": "view_category"}}, {"model": "auth.permission", "pk": 45, "fields": {"name": "Can add cart", "content_type": 12, "codename": "add_cart"}}, {"model": "auth.permission", "pk": 46, "fields": {"name": "Can change cart", "content_type": 12, "codename": "change_cart"}}, {"model": "auth.permission", "pk": 47, "fields": {"name": "Can delete cart", "content_type": 12, "codename": "delete_cart"}}, {"model": "auth.permission", "pk": 48, "fields": {"name": "Can view cart", "content_type": 12, "codename": "view_cart"}}, {"model": "auth.permission", "pk": 49, "fields": {"name": "Can add opening hour", "content_type": 13, "codename": "add_openinghour"}}, {"model": "auth.permission", "pk": 50, "fields": {"name": "Can change opening hour", "content_type": 13, "codename": "change_openinghour"}}, {"model": "auth.permission", "pk": 51, "fields": {"name": "Can delete opening hour", "content_type": 13, "codename": "delete_openinghour"}}, {"model": "auth.permission", "pk": 52, "fields": {"name": "Can view opening hour", "content_type": 13, "codename": "view_openinghour"}}, {"model": "auth.permission", "pk": 53, "fields": {"name": "Can add tax", "content_type": 14, "codename": "add_tax"}}, {"model": "auth.permission", "pk": 54, "fields": {"name": "Can change tax", "content_type": 14, "codename": "change_tax"}}, {"model": "auth.permission", "pk": 55, "fields": {"name": "Can delete tax", "content_type": 14, "codename": "delete_tax"}}, {"model": "auth.permission", "pk": 56, "fields": {"name": "Can view tax", "content_type": 14, "codename": "view_tax"}}, {"model": "auth.permission", "pk": 57, "fields": {"name": "Can add order", "content_type": 15, "codename": "add_order"}}, {"model": "auth.permission", "pk": 58, "fields": {"name": "Can change order", "content_type": 15, "codename": "change_order"}}, {"model": "auth.permission", "pk": 59, "fields": {"name": "Can delete order", "content_type": 15, "codename": "delete_order"}}, {"model": "auth.permission", "pk": 60, "fields": {"name": "Can view order", "content_type": 15, "codename": "view_order"}}, {"model": "auth.permission", "pk": 61, "fields": {"name": "Can add payment", "content_type": 16, "codename": "add_payment"}}, {"model": "auth.permission", "pk": 62, "fields": {"name": "Can change payment", "content_type": 16, "codename": "change_payment"}}, {"model": "auth.permission", "pk": 63, "fields": {"name": "Can delete payment", "content_type": 16, "codename": "delete_payment"}}, {"model": "auth.permission", "pk": 64, "fields": {"name": "Can view payment", "content_type": 16, "codename": "view_payment"}}, {"model": "auth.permission", "pk": 65, "fields": {"name": "Can add ordered food", "content_type": 17, "codename": "add_orderedfood"}}, {"model": "auth.permission", "pk": 66, "fields": {"name": "Can change ordered food", "content_type": 17, "codename": "change_orderedfood"}}, {"model": "auth.permission", "pk": 67, "fields": {"name": "Can delete ordered food", "content_type": 17, "codename": "delete_orderedfood"}}, {"model": "auth.permission", "pk": 68, "fields": {"name": "Can view ordered food", "content_type": 17, "codename": "view_orderedfood"}}, {"model": "contenttypes.contenttype", "pk": 1, "fields": {"app_label": "admin", "model": "logentry"}}, {"model": "contenttypes.contenttype", "pk": 2, "fields": {"app_label": "auth", "model": "permission"}}, {"model": "contenttypes.contenttype", "pk": 3, "fields": {"app_label": "auth", "model": "group"}}, {"model": "contenttypes.contenttype", "pk": 4, "fields": {"app_label": "contenttypes", "model": "contenttype"}}, {"model": "contenttypes.contenttype", "pk": 5, "fields": {"app_label": "sessions", "model": "session"}}, {"model": "contenttypes.contenttype", "pk": 6, "fields": {"app_label": "accounts", "model": "user"}}, {"model": "contenttypes.contenttype", "pk": 7, "fields": {"app_label": "accounts", "model": "userprofile"}}, {"model": "contenttypes.contenttype", "pk": 8, "fields": {"app_label": "vendor", "model": "vendor"}}, {"model": "contenttypes.contenttype", "pk": 9, "fields": {"app_label": "restaurant", "model": "restaurant"}}, {"model": "contenttypes.contenttype", "pk": 10, "fields": {"app_label": "menu", "model": "fooditem"}}, {"model": "contenttypes.contenttype", "pk": 11, "fields": {"app_label": "menu", "model": "category"}}, {"model": "contenttypes.contenttype", "pk": 12, "fields": {"app_label": "marketplace", "model": "cart"}}, {"model": "contenttypes.contenttype", "pk": 13, "fields": {"app_label": "restaurant", "model": "openinghour"}}, {"model": "contenttypes.contenttype", "pk": 14, "fields": {"app_label": "marketplace", "model": "tax"}}, {"model": "contenttypes.contenttype", "pk": 15, "fields": {"app_label": "order", "model": "order"}}, {"model": "contenttypes.contenttype", "pk": 16, "fields": {"app_label": "order", "model": "payment"}}, {"model": "contenttypes.contenttype", "pk": 17, "fields": {"app_label": "order", "model": "orderedfood"}}, {"model": "sessions.session", "pk": "08k4t9dkqetgpzvaasnatvev1l5vtcl0", "fields": {"session_data": ".eJxVjEEOwiAQRe_C2pCBQoe6dO8ZyACDVA0kpV0Z765NutDtf-_9l_C0rcVvnRc_J3EWgxWn3zFQfHDdSbpTvTUZW12XOchdkQft8toSPy-H-3dQqJdvjS4a1KAVGwRlDCExAmvjCNQAPDHlgNFR0skhw6hszMGOnCe0YVDi_QHuUzfR:1qFZP3:Z7SbnH4pDiXGLmhhbnvlGmgvAMCRsBviDUIIT83JlJw", "expire_date": "2023-07-15T12:08:37.137Z"}}, {"model": "sessions.session", "pk": "0d8qno8mi2y12ekhh7pfzg4r7cviwpot", "fields": {"session_data": ".eJxVjDsOwjAQBe_iGlkb499S0ucM1tq7wQGUSHFSIe4OkVJA-2bmvVSiba1pa7KkkdVFmU6dfsdM5SHTTvhO023WZZ7WZcx6V_RBm-5nluf1cP8OKrX6rbMRYvbFuBzR2SEIDNBhdJIpSAD2Z-vFDxEDl4wRGEDQWI8WXehIvT8bJDfz:1qHjvn:ejT9yk_VfHbt7YjPMxP51C8KpPxFtNeDrvB9EloaJc8", "expire_date": "2023-07-21T11:47:23.927Z"}}, {"model": "sessions.session", "pk": "0rxaynw2pvxoutr5r2ehhz2gvm3so11f", "fields": {"session_data": ".eJxVjEEOwiAQRe_C2pCBQoe6dO8ZyACDVA0kpV0Z765NutDtf-_9l_C0rcVvnRc_J3EWgxWn3zFQfHDdSbpTvTUZW12XOchdkQft8toSPy-H-3dQqJdvjS4a1KAVGwRlDCExAmvjCNQAPDHlgNFR0skhw6hszMGOnCe0YVDi_QHuUzfR:1qF8Hb:K-GnQlJ6rtlQFL0eOVwDtKjNyAPx6Z4GRz6e_ZvmgUo", "expire_date": "2023-07-14T07:11:07.206Z"}}, {"model": "sessions.session", "pk": "0tjkj815vrbghgi8e3zj6g7qzcid0kpv", "fields": {"session_data": ".eJxVjDsOwjAQBe_iGlkb499S0ucM1tq7wQGUSHFSIe4OkVJA-2bmvVSiba1pa7KkkdVFmU6dfsdM5SHTTvhO023WZZ7WZcx6V_RBm-5nluf1cP8OKrX6rbMRYvbFuBzR2SEIDNBhdJIpSAD2Z-vFDxEDl4wRGEDQWI8WXehIvT8bJDfz:1qI3rF:WXMg8eHvYDPm7vUBfRh4MPiH8GLXFi1QTYWs2hfv-dg", "expire_date": "2023-07-22T09:04:01.783Z"}}, {"model": "sessions.session", "pk": "0yika7yi9vz4v8p38tl5pof806ejfc4e", "fields": {"session_data": ".eJxVjEEOwiAQRe_C2pCBQoe6dO8ZyACDVA0kpV0Z765NutDtf-_9l_C0rcVvnRc_J3EWgxWn3zFQfHDdSbpTvTUZW12XOchdkQft8toSPy-H-3dQqJdvjS4a1KAVGwRlDCExAmvjCNQAPDHlgNFR0skhw6hszMGOnCe0YVDi_QHuUzfR:1qHLeH:nQ-cXIALvTWtTJh-6t8pzx8YoLhdV5A8f6sJtzHu1-c", "expire_date": "2023-07-20T09:51:41.850Z"}}, {"model": "sessions.session", "pk": "2vpmvxiq1x8yi4fjg66z0pw1etalt9ij", "fields": {"session_data": ".eJxVjEEOwiAQRe_C2pCBQoe6dO8ZyACDVA0kpV0Z765NutDtf-_9l_C0rcVvnRc_J3EWgxWn3zFQfHDdSbpTvTUZW12XOchdkQft8toSPy-H-3dQqJdvjS4a1KAVGwRlDCExAmvjCNQAPDHlgNFR0skhw6hszMGOnCe0YVDi_QHuUzfR:1qHdQo:fczu_YUKJGsIpUTVuwWjM9pjHuJWI2_0Up0xGOxnKBg", "expire_date": "2023-07-21T04:50:58.383Z"}}, {"model": "sessions.session", "pk": "34kw94l5wv2tbkbwuh8f702q5zjwwy7v", "fields": {"session_data": ".eJxVjDsOwjAQBe_iGlkb499S0ucM1tq7wQGUSHFSIe4OkVJA-2bmvVSiba1pa7KkkdVFmU6dfsdM5SHTTvhO023WZZ7WZcx6V_RBm-5nluf1cP8OKrX6rbMRYvbFuBzR2SEIDNBhdJIpSAD2Z-vFDxEDl4wRGEDQWI8WXehIvT8bJDfz:1qI1cF:XI2nwbSJTLPpnt6wUwPA1Ubxh2_6KgS4qwL63_mseF8", "expire_date": "2023-07-22T06:40:23.494Z"}}, {"model": "sessions.session", "pk": "36fz3uu21pkdvv5mej6kd7enlkqr7dar", "fields": {"session_data": ".eJxVjEEOwiAQRe_C2pCBQoe6dO8ZyACDVA0kpV0Z765NutDtf-_9l_C0rcVvnRc_J3EWgxWn3zFQfHDdSbpTvTUZW12XOchdkQft8toSPy-H-3dQqJdvjS4a1KAVGwRlDCExAmvjCNQAPDHlgNFR0skhw6hszMGOnCe0YVDi_QHuUzfR:1qHFyt:ECOGRsm7TtcYowGF-d5j2VxO1iScr7NI-EV0wo6B22o", "expire_date": "2023-07-20T03:48:35.289Z"}}, {"model": "sessions.session", "pk": "37jx6apozya3e43fguae2wkqay9tas9h", "fields": {"session_data": ".eJxVjEEOwiAQRe_C2pCBQoe6dO8ZyACDVA0kpV0Z765NutDtf-_9l_C0rcVvnRc_J3EWgxWn3zFQfHDdSbpTvTUZW12XOchdkQft8toSPy-H-3dQqJdvjS4a1KAVGwRlDCExAmvjCNQAPDHlgNFR0skhw6hszMGOnCe0YVDi_QHuUzfR:1qIOdG:3OBT26-b2dSbgxJFugnDPpdRNNt9VZEChV408Re-7oA", "expire_date": "2023-07-23T07:14:58.436Z"}}, {"model": "sessions.session", "pk": "4lxbqvxd5kkaacl0szj7pk5ttkrl1gz5", "fields": {"session_data": ".eJxVjEEOwiAQRe_C2pCBQoe6dO8ZyACDVA0kpV0Z765NutDtf-_9l_C0rcVvnRc_J3EWgxWn3zFQfHDdSbpTvTUZW12XOchdkQft8toSPy-H-3dQqJdvjS4a1KAVGwRlDCExAmvjCNQAPDHlgNFR0skhw6hszMGOnCe0YVDi_QHuUzfR:1qF4Mj:2qud7PwLMK4331uNG0v2GnId2h2--VWkuPUrYLwXg8k", "expire_date": "2023-07-14T03:00:09.811Z"}}, {"model": "sessions.session", "pk": "5awji22r1uzq5xl221u0ghovkvv6ndwf", "fields": {"session_data": "e30:1qF4EA:n4SA7K8HCw9nrS3H-rdBOq5b1MCBG2TLAMkwT9zY_Wo", "expire_date": "2023-07-14T02:51:18.902Z"}}, {"model": "sessions.session", "pk": "5grj2hzbly8mc8jghkt9wt70elua6qfz", "fields": {"session_data": ".eJxVjDsOwjAQBe_iGlkb499S0ucM1tq7wQGUSHFSIe4OkVJA-2bmvVSiba1pa7KkkdVFmU6dfsdM5SHTTvhO023WZZ7WZcx6V_RBm-5nluf1cP8OKrX6rbMRYvbFuBzR2SEIDNBhdJIpSAD2Z-vFDxEDl4wRGEDQWI8WXehIvT8bJDfz:1qI4bf:0e9TlsKLMOmec8b3m5z1tgWYR5bynxjv682rPwVCm4o", "expire_date": "2023-07-22T09:51:59.074Z"}}, {"model": "sessions.session", "pk": "5nryo175ynwpm1qlntab7qy3w2goxlqu", "fields": {"session_data": ".eJxVjEEOwiAQRe_C2pCBQoe6dO8ZyACDVA0kpV0Z765NutDtf-_9l_C0rcVvnRc_J3EWgxWn3zFQfHDdSbpTvTUZW12XOchdkQft8toSPy-H-3dQqJdvjS4a1KAVGwRlDCExAmvjCNQAPDHlgNFR0skhw6hszMGOnCe0YVDi_QHuUzfR:1qHFo5:FZfMQ9WkYgnCThfqjCczz9e-oNIynO5krg6AtU_zbRY", "expire_date": "2023-07-20T03:37:25.796Z"}}, {"model": "sessions.session", "pk": "6pg6sfg2wyyueiw1q7ia3f99kgsmejhm", "fields": {"session_data": ".eJxVjDsOwjAQBe_iGlkb499S0ucM1tq7wQGUSHFSIe4OkVJA-2bmvVSiba1pa7KkkdVFmU6dfsdM5SHTTvhO023WZZ7WZcx6V_RBm-5nluf1cP8OKrX6rbMRYvbFuBzR2SEIDNBhdJIpSAD2Z-vFDxEDl4wRGEDQWI8WXehIvT8bJDfz:1qHm0q:XcjutEnY3LMtfcpGCZZmT678KtdL1KsLL6xWUaFBaT0", "expire_date": "2023-07-21T14:00:44.489Z"}}, {"model": "sessions.session", "pk": "6xp4gy5iln27c1rtf15hryr71hbs1g59", "fields": {"session_data": ".eJxVjEEOwiAQRe_C2pCBQoe6dO8ZyACDVA0kpV0Z765NutDtf-_9l_C0rcVvnRc_J3EWgxWn3zFQfHDdSbpTvTUZW12XOchdkQft8toSPy-H-3dQqJdvjS4a1KAVGwRlDCExAmvjCNQAPDHlgNFR0skhw6hszMGOnCe0YVDi_QHuUzfR:1qGuoG:Ce8uwwmgnNgIjJcpAu39muxVt3g7aKZnf3CSu9YEZIk", "expire_date": "2023-07-19T05:12:12.096Z"}}, {"model": "sessions.session", "pk": "7lby36lv9mcm897as6rk1792rcq8akhc", "fields": {"session_data": ".eJxVjEEOwiAQRe_C2pCBQoe6dO8ZyACDVA0kpV0Z765NutDtf-_9l_C0rcVvnRc_J3EWgxWn3zFQfHDdSbpTvTUZW12XOchdkQft8toSPy-H-3dQqJdvjS4a1KAVGwRlDCExAmvjCNQAPDHlgNFR0skhw6hszMGOnCe0YVDi_QHuUzfR:1qHIVi:n_-ysUHv54_XiqEtIa6i3Om5LtbvZVqwr-nH8M_BF9w", "expire_date": "2023-07-20T06:30:38.865Z"}}, {"model": "sessions.session", "pk": "8uhutrdtb9qc15tllb1fjfr2iwhlxlna", "fields": {"session_data": ".eJxVjDsOwjAQBe_iGlkb499S0ucM1tq7wQGUSHFSIe4OkVJA-2bmvVSiba1pa7KkkdVFmU6dfsdM5SHTTvhO023WZZ7WZcx6V_RBm-5nluf1cP8OKrX6rbMRYvbFuBzR2SEIDNBhdJIpSAD2Z-vFDxEDl4wRGEDQWI8WXehIvT8bJDfz:1qHliU:PvHXnoN3VZOirJEwGC2fT2G0rARP74bevv45h6z5gpU", "expire_date": "2023-07-21T13:41:46.184Z"}}, {"model": "sessions.session", "pk": "9mbvt7mhmq94blwx4qxxyjdzpk4gd5vy", "fields": {"session_data": ".eJxVjEEOwiAQRe_C2pCBQoe6dO8ZyACDVA0kpV0Z765NutDtf-_9l_C0rcVvnRc_J3EWgxWn3zFQfHDdSbpTvTUZW12XOchdkQft8toSPy-H-3dQqJdvjS4a1KAVGwRlDCExAmvjCNQAPDHlgNFR0skhw6hszMGOnCe0YVDi_QHuUzfR:1qHJKn:DLZXoRvg5gESG-cRoplYQflXpXWR8g3wNX4uvjavvzg", "expire_date": "2023-07-20T07:23:25.212Z"}}, {"model": "sessions.session", "pk": "asl0uhd1ahxed0bqy2r07azf1fff816h", "fields": {"session_data": ".eJxVjEEOwiAQRe_C2pCBQoe6dO8ZyACDVA0kpV0Z765NutDtf-_9l_C0rcVvnRc_J3EWgxWn3zFQfHDdSbpTvTUZW12XOchdkQft8toSPy-H-3dQqJdvjS4a1KAVGwRlDCExAmvjCNQAPDHlgNFR0skhw6hszMGOnCe0YVDi_QHuUzfR:1qF8Iq:erjUD7C8JOrbZSzIMWCvKHydYtf8uv2pGlHZ5HGh8Cw", "expire_date": "2023-07-14T07:12:24.069Z"}}, {"model": "sessions.session", "pk": "bpgxyhfl3hzl4gvb9s7v05au1k60nqbz", "fields": {"session_data": ".eJxVjEEOwiAQRe_C2pCBQoe6dO8ZyACDVA0kpV0Z765NutDtf-_9l_C0rcVvnRc_J3EWgxWn3zFQfHDdSbpTvTUZW12XOchdkQft8toSPy-H-3dQqJdvjS4a1KAVGwRlDCExAmvjCNQAPDHlgNFR0skhw6hszMGOnCe0YVDi_QHuUzfR:1qFOvv:d7gF6qzZVutO0kjjvlMV8x_3ikrPs4orWO1JEX9x9w4", "expire_date": "2023-07-15T00:57:51.494Z"}}, {"model": "sessions.session", "pk": "c6zy208m88xax5j25c7l9c56ysgfcf2t", "fields": {"session_data": ".eJxVjEEOwiAQRe_C2pCBQoe6dO8ZyACDVA0kpV0Z765NutDtf-_9l_C0rcVvnRc_J3EWgxWn3zFQfHDdSbpTvTUZW12XOchdkQft8toSPy-H-3dQqJdvjS4a1KAVGwRlDCExAmvjCNQAPDHlgNFR0skhw6hszMGOnCe0YVDi_QHuUzfR:1qHF6Z:ENVVY1AGPkNicaDk688qmLRv0ObENBamPrwZYxxYFDo", "expire_date": "2023-07-20T02:52:27.914Z"}}, {"model": "sessions.session", "pk": "co5nscrjhmjrqaqgikqb2msiaguncd03", "fields": {"session_data": ".eJxVjEEOwiAQRe_C2pCBQoe6dO8ZyACDVA0kpV0Z765NutDtf-_9l_C0rcVvnRc_J3EWgxWn3zFQfHDdSbpTvTUZW12XOchdkQft8toSPy-H-3dQqJdvjS4a1KAVGwRlDCExAmvjCNQAPDHlgNFR0skhw6hszMGOnCe0YVDi_QHuUzfR:1qIOTw:VYCG9mI8L6LelyWA0zagpaOFslWxYAaS_kKwfyynW8U", "expire_date": "2023-07-23T07:05:20.923Z"}}, {"model": "sessions.session", "pk": "dmdlrm7buuq8vs741ew4npaw27vw75d9", "fields": {"session_data": ".eJxVjEEOwiAQRe_C2pCBQoe6dO8ZyACDVA0kpV0Z765NutDtf-_9l_C0rcVvnRc_J3EWgxWn3zFQfHDdSbpTvTUZW12XOchdkQft8toSPy-H-3dQqJdvjS4a1KAVGwRlDCExAmvjCNQAPDHlgNFR0skhw6hszMGOnCe0YVDi_QHuUzfR:1qFFly:HopUEIiX6TbXL12DvMVK2UeCqQ1oBbqxH-Fk2U3Hz1Y", "expire_date": "2023-07-14T15:10:58.153Z"}}, {"model": "sessions.session", "pk": "e1zw92f9v199ca452h8vptu5p8yuj0ha", "fields": {"session_data": ".eJxVjEEOwiAQRe_C2pCBQoe6dO8ZyACDVA0kpV0Z765NutDtf-_9l_C0rcVvnRc_J3EWgxWn3zFQfHDdSbpTvTUZW12XOchdkQft8toSPy-H-3dQqJdvjS4a1KAVGwRlDCExAmvjCNQAPDHlgNFR0skhw6hszMGOnCe0YVDi_QHuUzfR:1qHM6w:2fh9glL4YJCvMdFNNbdKkApHV2L5QpL7okgpdYaCMow", "expire_date": "2023-07-20T10:21:18.197Z"}}, {"model": "sessions.session", "pk": "eg68zqy7gj6vaomc7qbhhui24ypte2tp", "fields": {"session_data": ".eJxVjDsOwjAQBe_iGlkb499S0ucM1tq7wQGUSHFSIe4OkVJA-2bmvVSiba1pa7KkkdVFmU6dfsdM5SHTTvhO023WZZ7WZcx6V_RBm-5nluf1cP8OKrX6rbMRYvbFuBzR2SEIDNBhdJIpSAD2Z-vFDxEDl4wRGEDQWI8WXehIvT8bJDfz:1qGI2c:bbzRRi_oyj9PpAcFFYf7ZsZ1YYYCWG_kzQB7g0aw82A", "expire_date": "2023-07-17T11:48:26.297Z"}}, {"model": "sessions.session", "pk": "fibf94900wmc98vht1v2525covyj2bxh", "fields": {"session_data": ".eJxVjDsOwjAQBe_iGlkb499S0ucM1tq7wQGUSHFSIe4OkVJA-2bmvVSiba1pa7KkkdVFmU6dfsdM5SHTTvhO023WZZ7WZcx6V_RBm-5nluf1cP8OKrX6rbMRYvbFuBzR2SEIDNBhdJIpSAD2Z-vFDxEDl4wRGEDQWI8WXehIvT8bJDfz:1qI1Rn:9ZxFCnTTbbfg5Vr3hz8VHCjG5-jBxQ39TsuQvOqCqng", "expire_date": "2023-07-22T06:29:35.501Z"}}, {"model": "sessions.session", "pk": "fjg4tfkusd6k35hxmxejc13ps9ml3wnx", "fields": {"session_data": ".eJxVjEEOwiAQRe_C2pCBQoe6dO8ZyACDVA0kpV0Z765NutDtf-_9l_C0rcVvnRc_J3EWgxWn3zFQfHDdSbpTvTUZW12XOchdkQft8toSPy-H-3dQqJdvjS4a1KAVGwRlDCExAmvjCNQAPDHlgNFR0skhw6hszMGOnCe0YVDi_QHuUzfR:1qFDwW:6f2th4wRQJSqmslnT2tNET65kVVxCuck06xmpJYJXeo", "expire_date": "2023-07-14T13:13:44.845Z"}}, {"model": "sessions.session", "pk": "fywcjcvveww043eimr8nlwlciwhtq65w", "fields": {"session_data": ".eJxVjEEOwiAQRe_C2pCBQoe6dO8ZyACDVA0kpV0Z765NutDtf-_9l_C0rcVvnRc_J3EWgxWn3zFQfHDdSbpTvTUZW12XOchdkQft8toSPy-H-3dQqJdvjS4a1KAVGwRlDCExAmvjCNQAPDHlgNFR0skhw6hszMGOnCe0YVDi_QHuUzfR:1qErTQ:C1SojMQ12IAI_IIuZCwVdbPshadVhyvwoR5jYktvo54", "expire_date": "2023-07-13T13:14:12.020Z"}}, {"model": "sessions.session", "pk": "gkudnhilsvdb44xf2q2jd34zfymfy2na", "fields": {"session_data": ".eJxVjEEOwiAQRe_C2pCBQoe6dO8ZyACDVA0kpV0Z765NutDtf-_9l_C0rcVvnRc_J3EWgxWn3zFQfHDdSbpTvTUZW12XOchdkQft8toSPy-H-3dQqJdvjS4a1KAVGwRlDCExAmvjCNQAPDHlgNFR0skhw6hszMGOnCe0YVDi_QHuUzfR:1qIUYb:30c07svG6rC7azY0_QeausasLwsr-OyVnxqvk4j9l1s", "expire_date": "2023-07-23T13:34:33.020Z"}}, {"model": "sessions.session", "pk": "inp8pqk122wmbdspxrfa1dcpamiohff7", "fields": {"session_data": ".eJxVjEEOwiAQRe_C2pB2Bgq4dO8ZCAyDVA0kpV0Z765NutDtf-_9l_BhW4vfOi9-TuIsUInT7xgDPbjuJN1DvTVJra7LHOWuyIN2eW2Jn5fD_TsooZdvzTGjBW2QHdoUiCY9ZuMGR2Q5JGVIA0aOTg0pZ9BqsiMCZQQglyGK9wccijh2:1qHMLg:Ej79rUNZCELMcEhRpmNwgpk7FP-vfvJ-fJcwlYCfAhw", "expire_date": "2023-07-20T10:36:32.892Z"}}, {"model": "sessions.session", "pk": "j0z12pdiwvyzq8otzeqlyatcjp2p8rfd", "fields": {"session_data": ".eJxVjDsOwjAQBe_iGlkb499S0ucM1tq7wQGUSHFSIe4OkVJA-2bmvVSiba1pa7KkkdVFmU6dfsdM5SHTTvhO023WZZ7WZcx6V_RBm-5nluf1cP8OKrX6rbMRYvbFuBzR2SEIDNBhdJIpSAD2Z-vFDxEDl4wRGEDQWI8WXehIvT8bJDfz:1qHlP0:XFtvS3fjTfeG0cAFAz-2maAblFT__wd7IrcAp27y27s", "expire_date": "2023-07-21T13:21:38.385Z"}}, {"model": "sessions.session", "pk": "jw2ki4gswuhfskx6vd63j2g45odp3et9", "fields": {"session_data": ".eJxVjDsOwjAQBe_iGlkb499S0ucM1tq7wQGUSHFSIe4OkVJA-2bmvVSiba1pa7KkkdVFmU6dfsdM5SHTTvhO023WZZ7WZcx6V_RBm-5nluf1cP8OKrX6rbMRYvbFuBzR2SEIDNBhdJIpSAD2Z-vFDxEDl4wRGEDQWI8WXehIvT8bJDfz:1qHlHu:VJvCdn-jd5ysaIeZQ7hUNEE4UDScQlPCCzdKRf-by0k", "expire_date": "2023-07-21T13:14:18.756Z"}}, {"model": "sessions.session", "pk": "kdhmj1wcxx2bucnucnn0tj9x5j2nufqr", "fields": {"session_data": ".eJxVjEEOwiAQRe_C2pCBQoe6dO8ZyACDVA0kpV0Z765NutDtf-_9l_C0rcVvnRc_J3EWgxWn3zFQfHDdSbpTvTUZW12XOchdkQft8toSPy-H-3dQqJdvjS4a1KAVGwRlDCExAmvjCNQAPDHlgNFR0skhw6hszMGOnCe0YVDi_QHuUzfR:1qGsXl:eTgXNWeRR3H5b-t-_zk2EgfL51rhhjl_JW2P03BST9M", "expire_date": "2023-07-19T02:47:01.351Z"}}, {"model": "sessions.session", "pk": "l5a86ok729r0516p0dhl23t6din984gu", "fields": {"session_data": "eyJsYXQiOiIxMi43NzM4OTI1IiwibG5nIjoiODAuMDExMDAwMyJ9:1qH2AS:WuFJYm7YtecggvcSk_GicvSDh6v1uw92e1nlLx5ORLM", "expire_date": "2023-07-19T13:03:36.800Z"}}, {"model": "sessions.session", "pk": "l71t0t6yqn0lcutl6wh2ckv0lkqf1aop", "fields": {"session_data": ".eJxVjEEOwiAQRe_C2pCBQoe6dO8ZyACDVA0kpV0Z765NutDtf-_9l_C0rcVvnRc_J3EWgxWn3zFQfHDdSbpTvTUZW12XOchdkQft8toSPy-H-3dQqJdvjS4a1KAVGwRlDCExAmvjCNQAPDHlgNFR0skhw6hszMGOnCe0YVDi_QHuUzfR:1qHIcy:YBe4UY9ygQ92IJy_YZnT-NRX49cxX3zHdW8PcPirzuA", "expire_date": "2023-07-20T06:38:08.577Z"}}, {"model": "sessions.session", "pk": "lfoerpubmyz0mpcnfnfhew4k3yweyb7k", "fields": {"session_data": ".eJxVjEEOwiAQRe_C2pCBQoe6dO8ZyACDVA0kpV0Z765NutDtf-_9l_C0rcVvnRc_J3EWgxWn3zFQfHDdSbpTvTUZW12XOchdkQft8toSPy-H-3dQqJdvjS4a1KAVGwRlDCExAmvjCNQAPDHlgNFR0skhw6hszMGOnCe0YVDi_QHuUzfR:1qIPg1:4dGnj0OUXVTM7za-noo2fH_Ag10X_W2OF7-_lsLAlR8", "expire_date": "2023-07-23T08:21:53.395Z"}}, {"model": "sessions.session", "pk": "mlvp7v54zb7945m0jh8lm9hj4q443neu", "fields": {"session_data": ".eJxVjEEOwiAQRe_C2pCBQoe6dO8ZyACDVA0kpV0Z765NutDtf-_9l_C0rcVvnRc_J3EWgxWn3zFQfHDdSbpTvTUZW12XOchdkQft8toSPy-H-3dQqJdvjS4a1KAVGwRlDCExAmvjCNQAPDHlgNFR0skhw6hszMGOnCe0YVDi_QHuUzfR:1qF8Gv:tP5BYrxhi8HPX1XTGLUYdZUATqPOKiR6gzm9W3uDIZc", "expire_date": "2023-07-14T07:10:25.232Z"}}, {"model": "sessions.session", "pk": "n0ssay1v4vrfljzjdekaw5ipkkahpzw7", "fields": {"session_data": ".eJxVjEEOwiAQRe_C2pCBQoe6dO8ZyACDVA0kpV0Z765NutDtf-_9l_C0rcVvnRc_J3EWgxWn3zFQfHDdSbpTvTUZW12XOchdkQft8toSPy-H-3dQqJdvjS4a1KAVGwRlDCExAmvjCNQAPDHlgNFR0skhw6hszMGOnCe0YVDi_QHuUzfR:1qHDrj:r5Zqw67FKI_hWUjYIDc9MFcr005ABxfzIg8BY4zYzbs", "expire_date": "2023-07-20T01:33:03.010Z"}}, {"model": "sessions.session", "pk": "otainuyof4ml3jehm3s9oouirxtr6ci2", "fields": {"session_data": ".eJxVjDsOwjAQBe_iGlkb499S0ucM1tq7wQGUSHFSIe4OkVJA-2bmvVSiba1pa7KkkdVFmU6dfsdM5SHTTvhO023WZZ7WZcx6V_RBm-5nluf1cP8OKrX6rbMRYvbFuBzR2SEIDNBhdJIpSAD2Z-vFDxEDl4wRGEDQWI8WXehIvT8bJDfz:1qHlLN:uqzwCivZErC67tYybbZgtm1D_W7_62fQk6y608cD4nU", "expire_date": "2023-07-21T13:17:53.748Z"}}, {"model": "sessions.session", "pk": "pkevfnk6rysarrs6jbjvtpocperbeqk0", "fields": {"session_data": ".eJxVjEEOwiAQRe_C2pCBQoe6dO8ZyACDVA0kpV0Z765NutDtf-_9l_C0rcVvnRc_J3EWgxWn3zFQfHDdSbpTvTUZW12XOchdkQft8toSPy-H-3dQqJdvjS4a1KAVGwRlDCExAmvjCNQAPDHlgNFR0skhw6hszMGOnCe0YVDi_QHuUzfR:1qFXLZ:0jm9EZNLHR3GkSGFniR6zdVp9z6P05wZRwZPUSq5m5Q", "expire_date": "2023-07-15T09:56:53.303Z"}}, {"model": "sessions.session", "pk": "qmi5ur8ttfgjyv8lmpx97gwq3pzyd7ru", "fields": {"session_data": ".eJxVjEEOwiAQRe_C2pCBQoe6dO8ZyACDVA0kpV0Z765NutDtf-_9l_C0rcVvnRc_J3EWgxWn3zFQfHDdSbpTvTUZW12XOchdkQft8toSPy-H-3dQqJdvjS4a1KAVGwRlDCExAmvjCNQAPDHlgNFR0skhw6hszMGOnCe0YVDi_QHuUzfR:1qGysC:RBH7-kwhjJOCLHwEZ9d_FuvNq2PtD_586hAFfBt8MW0", "expire_date": "2023-07-19T09:32:32.963Z"}}, {"model": "sessions.session", "pk": "r1ok7st5jr1fttnik62iel84tz8jo9ts", "fields": {"session_data": ".eJxVjEEOwiAQRe_C2pCBQoe6dO8ZyACDVA0kpV0Z765NutDtf-_9l_C0rcVvnRc_J3EWgxWn3zFQfHDdSbpTvTUZW12XOchdkQft8toSPy-H-3dQqJdvjS4a1KAVGwRlDCExAmvjCNQAPDHlgNFR0skhw6hszMGOnCe0YVDi_QHuUzfR:1qFRSh:zA5Zl28LR4b-txhdEAXioIuU2m1zDmnpWxLt45PdwTE", "expire_date": "2023-07-15T03:39:51.832Z"}}, {"model": "sessions.session", "pk": "rmyqbbxjgobztt8a1aoln0qt0afc7b65", "fields": {"session_data": "e30:1qE7Js:5NXnYJY6TuVf1yKpFHktX_-b1v34RPdMMDEXNxtjPxw", "expire_date": "2023-07-11T11:57:16.534Z"}}, {"model": "sessions.session", "pk": "uua1a19ijv2e75sxj1l0dc6w2su70kih", "fields": {"session_data": ".eJxVjMsOwiAQRf-FtSFMebt07zcQBgapGkhKuzL-uzbpQrf3nHNfLMRtrWEbtIQ5szObBDv9jhjTg9pO8j22W-ept3WZke8KP-jg157peTncv4MaR_3WRZniM5DDhEIqYzGSlVI5AEnaFok5oQMPqQgEMN4J671zoGjSGj17fwAJrjeG:1qGuXf:T9vpRiUMRhKLI62oOwYVyzDP0jdvVNTxwsFYOfE01Ng", "expire_date": "2023-07-19T04:55:03.631Z"}}, {"model": "sessions.session", "pk": "uy2qlcmtvdb4txmoh6bkbar7pp8h3tum", "fields": {"session_data": ".eJxVjEEOwiAQRe_C2pCBQoe6dO8ZyACDVA0kpV0Z765NutDtf-_9l_C0rcVvnRc_J3EWgxWn3zFQfHDdSbpTvTUZW12XOchdkQft8toSPy-H-3dQqJdvjS4a1KAVGwRlDCExAmvjCNQAPDHlgNFR0skhw6hszMGOnCe0YVDi_QHuUzfR:1qHhsq:7dnQ9pk78-jnK-6sI8ZRhw0QzhWUrFmFlyvKQVWz5wA", "expire_date": "2023-07-21T09:36:12.362Z"}}, {"model": "sessions.session", "pk": "vbrbaf0m6tkmth7zdsu181ip6eurwyh7", "fields": {"session_data": ".eJxVjEEOwiAQRe_C2pCBQoe6dO8ZyACDVA0kpV0Z765NutDtf-_9l_C0rcVvnRc_J3EWgxWn3zFQfHDdSbpTvTUZW12XOchdkQft8toSPy-H-3dQqJdvjS4a1KAVGwRlDCExAmvjCNQAPDHlgNFR0skhw6hszMGOnCe0YVDi_QHuUzfR:1qHPSh:mmaOz5A3hk70p7dCAVpvAh1XEezJ3mc-nYmUMA0wqxE", "expire_date": "2023-07-20T13:55:59.670Z"}}, {"model": "sessions.session", "pk": "vkyqhtahdbwgspf83bxflrq0rq74g623", "fields": {"session_data": ".eJxVjDsOwjAQBe_iGlkb499S0ucM1tq7wQGUSHFSIe4OkVJA-2bmvVSiba1pa7KkkdVFmU6dfsdM5SHTTvhO023WZZ7WZcx6V_RBm-5nluf1cP8OKrX6rbMRYvbFuBzR2SEIDNBhdJIpSAD2Z-vFDxEDl4wRGEDQWI8WXehIvT8bJDfz:1qHZoZ:RC0SR1WK3zIHMd5cpuuOoM8adlVraPtdBL5o26Y3GQI", "expire_date": "2023-07-21T00:59:15.122Z"}}, {"model": "sessions.session", "pk": "w2b8xtt5bvnljysi205yhbdmqwqb1vyc", "fields": {"session_data": ".eJxVjDsOwjAQBe_iGlkb499S0ucM1tq7wQGUSHFSIe4OkVJA-2bmvVSiba1pa7KkkdVFmU6dfsdM5SHTTvhO023WZZ7WZcx6V_RBm-5nluf1cP8OKrX6rbMRYvbFuBzR2SEIDNBhdJIpSAD2Z-vFDxEDl4wRGEDQWI8WXehIvT8bJDfz:1qHlRV:NWuHU0YKwywikVnLv08NJq2wnwyciSaKKI4CVUdVxfY", "expire_date": "2023-07-21T13:24:13.486Z"}}, {"model": "sessions.session", "pk": "yngemdb3qnjt72et9oi4dac9risc5dv6", "fields": {"session_data": ".eJxVjDsOwjAQBe_iGlkb499S0ucM1tq7wQGUSHFSIe4OkVJA-2bmvVSiba1pa7KkkdVFmU6dfsdM5SHTTvhO023WZZ7WZcx6V_RBm-5nluf1cP8OKrX6rbMRYvbFuBzR2SEIDNBhdJIpSAD2Z-vFDxEDl4wRGEDQWI8WXehIvT8bJDfz:1qHklQ:VeMfBblhWzV_eVkL02NFfgtdRRfcndYv41SeSKewds0", "expire_date": "2023-07-21T12:40:44.140Z"}}, {"model": "sessions.session", "pk": "ynslhi3y976v3eomz507gnt1cbfngw9j", "fields": {"session_data": ".eJxVjEEOwiAQRe_C2pCBQoe6dO8ZyACDVA0kpV0Z765NutDtf-_9l_C0rcVvnRc_J3EWgxWn3zFQfHDdSbpTvTUZW12XOchdkQft8toSPy-H-3dQqJdvjS4a1KAVGwRlDCExAmvjCNQAPDHlgNFR0skhw6hszMGOnCe0YVDi_QHuUzfR:1qHdTk:1v7E2GD-unmsa_EIxtczeOXcrWNsiWJRdAoHoTmb9Co", "expire_date": "2023-07-21T04:54:00.377Z"}}, {"model": "sessions.session", "pk": "yvdordcrt23aan099hj4amdwfwcisxh3", "fields": {"session_data": ".eJxVjDsOwjAQBe_iGlkb499S0ucM1tq7wQGUSHFSIe4OkVJA-2bmvVSiba1pa7KkkdVFmU6dfsdM5SHTTvhO023WZZ7WZcx6V_RBm-5nluf1cP8OKrX6rbMRYvbFuBzR2SEIDNBhdJIpSAD2Z-vFDxEDl4wRGEDQWI8WXehIvT8bJDfz:1qHlcw:RX7RuLYBsbH_G3bqfWJ4YwelrG4ijuxFsIgsmPiVm8k", "expire_date": "2023-07-21T13:36:02.526Z"}}, {"model": "accounts.user", "pk": 20, "fields": {"password": "pbkdf2_sha256$600000$Z6n2jnvtTEoJzelXOIilbP$jDSKJB9sbzvGRXSDOXtFw7+eh71a/QofR0eQPPe6bpc=", "first_name": "Hareesh", "last_name": "R", "username": "admin", "email": "admin@mail.com", "phone_number": "", "role": null, "date_joined": "2023-06-27T09:11:34.683Z", "last_login": "2023-07-01T02:24:00.893Z", "created_date": "2023-06-27T09:11:34.684Z", "modified_date": "2023-06-27T09:11:34.689Z", "is_admin": true, "is_staff": true, "is_active": true, "is_superadmin": true}}, {"model": "accounts.user", "pk": 21, "fields": {"password": "pbkdf2_sha256$600000$Vq97HXFzS73dC2rRriRZwq$UFDHy8QlxfzNuJySiXnigz+TbT2qm1Ck/4UFPL8XxvQ=", "first_name": "Virat", "last_name": "Kohli", "username": "Virat", "email": "vk@gmail.com", "phone_number": "9876542310", "role": 2, "date_joined": "2023-06-27T09:13:43.889Z", "last_login": "2023-07-09T13:32:53.358Z", "created_date": "2023-06-27T09:13:43.889Z", "modified_date": "2023-07-09T06:40:01.128Z", "is_admin": false, "is_staff": false, "is_active": true, "is_superadmin": false}}, {"model": "accounts.user", "pk": 31, "fields": {"password": "pbkdf2_sha256$600000$bbuSsObsAg019ajWxLbk87$LEITrlMTnYgT+KNXL969t3BxqYJR7vbK6oBpH3KRRFI=", "first_name": "Ravindra", "last_name": "Jadeja", "username": "Jaddu", "email": "hareesh0922@gmail.com", "phone_number": "", "role": 2, "date_joined": "2023-06-28T06:07:26.413Z", "last_login": "2023-07-02T13:57:03.643Z", "created_date": "2023-06-28T06:07:26.413Z", "modified_date": "2023-06-28T10:38:20.768Z", "is_admin": false, "is_staff": false, "is_active": true, "is_superadmin": false}}, {"model": "accounts.user", "pk": 34, "fields": {"password": "pbkdf2_sha256$600000$ByfqTfmGnQaB6hXTe4pyaV$SfxnAinOSNygvG9p2mVG08ju+19MX5qI0XuNRs/vsLo=", "first_name": "Devon", "last_name": "Conway", "username": "Devon", "email": "hareesh0317@gmail.com", "phone_number": "", "role": 1, "date_joined": "2023-06-28T11:33:58.349Z", "last_login": "2023-07-06T10:36:32.884Z", "created_date": "2023-06-28T11:33:58.349Z", "modified_date": "2023-07-05T04:55:03.614Z", "is_admin": false, "is_staff": false, "is_active": true, "is_superadmin": false}}, {"model": "accounts.user", "pk": 35, "fields": {"password": "pbkdf2_sha256$600000$qiJNhlCwwIy72oU80hkDh4$q1LOIi3EfPeDCV3yGAKkgUTitL/zQdrCimIgIFtbK3Y=", "first_name": "Rohit", "last_name": "Sharma", "username": "Hitman", "email": "rohit@gmail.com", "phone_number": "9876543210", "role": 1, "date_joined": "2023-06-29T01:02:51.967Z", "last_login": "2023-07-09T13:34:33.015Z", "created_date": "2023-06-29T01:02:51.968Z", "modified_date": "2023-07-07T09:57:35.208Z", "is_admin": false, "is_staff": false, "is_active": true, "is_superadmin": false}}, {"model": "accounts.user", "pk": 38, "fields": {"password": "pbkdf2_sha256$600000$Qss1dUTB65nhm0mDjUzelX$oVfhzT0QHfclB7GqgvVQfGPIEIVQvleKswhku8s4pfw=", "first_name": "Dhinesh", "last_name": "Karthik", "username": "dk", "email": "dk@gmail.com", "phone_number": "", "role": 1, "date_joined": "2023-07-03T03:44:40.433Z", "last_login": "2023-07-06T10:36:19.563Z", "created_date": "2023-07-03T03:44:40.433Z", "modified_date": "2023-07-05T04:40:32.681Z", "is_admin": false, "is_staff": false, "is_active": true, "is_superadmin": false}}, {"model": "accounts.user", "pk": 39, "fields": {"password": "pbkdf2_sha256$600000$HblAgFGP5y1CR453qUV5Na$wp+Ep9divpoRwUG7dNgKpf4ESFbNapanKn07Yh1uGjc=", "first_name": "test", "last_name": "tetsts", "username": "ettsts", "email": "test@gmail.com", "phone_number": "", "role": 1, "date_joined": "2023-07-03T03:52:43.350Z", "last_login": "2023-07-03T03:52:43.350Z", "created_date": "2023-07-03T03:52:43.350Z", "modified_date": "2023-07-03T03:52:43.372Z", "is_admin": false, "is_staff": false, "is_active": false, "is_superadmin": false}}, {"model": "accounts.userprofile", "pk": 18, "fields": {"user": 20, "profile_picture": "", "cover_photo": "", "address": null, "state": null, "city": null, "pin_code": null, "latitude": null, "longitude": null, "location": null, "created_at": "2023-06-27T09:11:34.687Z", "modified_at": "2023-07-01T02:24:00.897Z"}}, {"model": "accounts.userprofile", "pk": 19, "fields": {"user": 21, "profile_picture": "users/profile_pictures/virat-kohli-967.png", "cover_photo": "users/cover_photos/cover-photo-5.PNG", "address": "Skantha apartments, Balamurugan Nagar, VGP Selva Nagar, Velachery, Chennai, Tamil Nadu, India", "state": "Tamil Nadu", "city": "Chennai", "pin_code": "600042", "latitude": "12.9738636", "longitude": "80.2233924", "location": "SRID=4326;POINT (80.2233924 12.9738636)", "created_at": "2023-06-27T09:13:43.892Z", "modified_at": "2023-07-09T13:32:53.365Z"}}, {"model": "accounts.userprofile", "pk": 29, "fields": {"user": 31, "profile_picture": "", "cover_photo": "", "address": null, "state": null, "city": null, "pin_code": null, "latitude": null, "longitude": null, "location": null, "created_at": "2023-06-28T06:07:26.417Z", "modified_at": "2023-07-02T13:57:03.647Z"}}, {"model": "accounts.userprofile", "pk": 32, "fields": {"user": 34, "profile_picture": "users/profile_pictures/profile-picture-2.PNG", "cover_photo": "users/cover_photos/cover-photo-2.PNG", "address": "Kattankulathur, Tamil Nadu, India", "state": "Tamil Nadu", "city": "Kattankulathur", "pin_code": "603203", "latitude": "12.8230044", "longitude": "80.04472419999999", "location": "SRID=4326;POINT (80.04472419999999 12.8230044)", "created_at": "2023-06-28T11:33:58.353Z", "modified_at": "2023-07-06T10:36:32.890Z"}}, {"model": "accounts.userprofile", "pk": 33, "fields": {"user": 35, "profile_picture": "users/profile_pictures/chicken-600x600.jpg", "cover_photo": "users/cover_photos/seafood-600x600.jpg", "address": "Muniyandi Vilas, Grand Southern Trunk Road, Urapakkam, Chennai, Tamil Nadu, India", "state": "Tamil Nadu", "city": "Chennai", "pin_code": "603210", "latitude": "12.8497529", "longitude": "80.064955", "location": "SRID=4326;POINT (80.064955 12.8497529)", "created_at": "2023-06-29T01:02:51.975Z", "modified_at": "2023-07-09T13:34:33.019Z"}}, {"model": "accounts.userprofile", "pk": 36, "fields": {"user": 38, "profile_picture": "users/profile_pictures/profile-picture-1.PNG", "cover_photo": "users/cover_photos/cover-photo-4.PNG", "address": "Koyambedu, Chennai, Tamil Nadu, India", "state": "Tamil Nadu", "city": "Chennai", "pin_code": "603203", "latitude": "13.0693568", "longitude": "80.1948314", "location": "SRID=4326;POINT (80.1948314 13.0693568)", "created_at": "2023-07-03T03:44:40.437Z", "modified_at": "2023-07-06T10:36:19.568Z"}}, {"model": "accounts.userprofile", "pk": 37, "fields": {"user": 39, "profile_picture": "", "cover_photo": "", "address": null, "state": null, "city": null, "pin_code": null, "latitude": null, "longitude": null, "location": null, "created_at": "2023-07-03T03:52:43.354Z", "modified_at": "2023-07-03T03:52:43.377Z"}}, {"model": "restaurant.restaurant", "pk": 4, "fields": {"user": 34, "user_profile": 32, "restaurant_name": "Saravana Bhavan", "restaurant_slug": "saravana-bhavan-34", "restaurant_license": "restaurant/license/bits_clock_tower.jpg", "is_approved": true, "created_at": "2023-06-28T11:33:58.369Z", "modified_at": "2023-07-05T05:02:53.107Z"}}, {"model": "restaurant.restaurant", "pk": 5, "fields": {"user": 35, "user_profile": 33, "restaurant_name": "Muniyandi Vilas", "restaurant_slug": "muniyandi-vilas-35", "restaurant_license": "restaurant/license/monopoly.jpg", "is_approved": true, "created_at": "2023-06-29T01:02:52.019Z", "modified_at": "2023-07-03T03:46:17.144Z"}}, {"model": "restaurant.restaurant", "pk": 7, "fields": {"user": 38, "user_profile": 36, "restaurant_name": "Adyar Anandha Bhavan", "restaurant_slug": "adyar-anandha-bhavan-38", "restaurant_license": "restaurant/license/drone.jpg", "is_approved": true, "created_at": "2023-07-03T03:44:40.448Z", "modified_at": "2023-07-05T05:11:39.356Z"}}, {"model": "restaurant.openinghour", "pk": 83, "fields": {"restaurant": 5, "day": 1, "from_hour": "", "to_hour": "", "is_closed": true}}, {"model": "restaurant.openinghour", "pk": 84, "fields": {"restaurant": 5, "day": 2, "from_hour": "09:00 AM", "to_hour": "09:00 PM", "is_closed": false}}, {"model": "restaurant.openinghour", "pk": 85, "fields": {"restaurant": 5, "day": 3, "from_hour": "09:00 AM", "to_hour": "09:00 PM", "is_closed": false}}, {"model": "restaurant.openinghour", "pk": 87, "fields": {"restaurant": 5, "day": 5, "from_hour": "09:00 AM", "to_hour": "09:00 PM", "is_closed": false}}, {"model": "restaurant.openinghour", "pk": 88, "fields": {"restaurant": 5, "day": 6, "from_hour": "09:00 AM", "to_hour": "09:00 PM", "is_closed": false}}, {"model": "restaurant.openinghour", "pk": 90, "fields": {"restaurant": 4, "day": 1, "from_hour": "10:00 AM", "to_hour": "05:00 PM", "is_closed": false}}, {"model": "restaurant.openinghour", "pk": 91, "fields": {"restaurant": 4, "day": 2, "from_hour": "10:00 AM", "to_hour": "10:00 PM", "is_closed": false}}, {"model": "restaurant.openinghour", "pk": 92, "fields": {"restaurant": 4, "day": 3, "from_hour": "10:00 AM", "to_hour": "10:00 PM", "is_closed": false}}, {"model": "restaurant.openinghour", "pk": 94, "fields": {"restaurant": 4, "day": 5, "from_hour": "10:00 AM", "to_hour": "10:00 PM", "is_closed": false}}, {"model": "restaurant.openinghour", "pk": 95, "fields": {"restaurant": 4, "day": 6, "from_hour": "10:00 AM", "to_hour": "10:00 PM", "is_closed": false}}, {"model": "restaurant.openinghour", "pk": 96, "fields": {"restaurant": 4, "day": 7, "from_hour": "11:00 AM", "to_hour": "07:00 PM", "is_closed": false}}, {"model": "restaurant.openinghour", "pk": 97, "fields": {"restaurant": 7, "day": 1, "from_hour": "09:00 AM", "to_hour": "09:00 PM", "is_closed": false}}, {"model": "restaurant.openinghour", "pk": 98, "fields": {"restaurant": 7, "day": 2, "from_hour": "08:00 AM", "to_hour": "10:00 PM", "is_closed": false}}, {"model": "restaurant.openinghour", "pk": 99, "fields": {"restaurant": 7, "day": 3, "from_hour": "08:00 AM", "to_hour": "10:00 PM", "is_closed": false}}, {"model": "restaurant.openinghour", "pk": 100, "fields": {"restaurant": 7, "day": 4, "from_hour": "08:00 AM", "to_hour": "10:00 PM", "is_closed": false}}, {"model": "restaurant.openinghour", "pk": 101, "fields": {"restaurant": 7, "day": 5, "from_hour": "08:00 AM", "to_hour": "10:00 PM", "is_closed": false}}, {"model": "restaurant.openinghour", "pk": 102, "fields": {"restaurant": 7, "day": 6, "from_hour": "08:00 AM", "to_hour": "10:00 PM", "is_closed": false}}, {"model": "restaurant.openinghour", "pk": 103, "fields": {"restaurant": 7, "day": 7, "from_hour": "09:00 AM", "to_hour": "07:00 PM", "is_closed": false}}, {"model": "restaurant.openinghour", "pk": 104, "fields": {"restaurant": 5, "day": 4, "from_hour": "01:00 AM", "to_hour": "05:00 AM", "is_closed": false}}, {"model": "restaurant.openinghour", "pk": 108, "fields": {"restaurant": 4, "day": 4, "from_hour": "05:00 AM", "to_hour": "10:00 PM", "is_closed": false}}, {"model": "restaurant.openinghour", "pk": 109, "fields": {"restaurant": 5, "day": 7, "from_hour": "05:00 AM", "to_hour": "11:30 PM", "is_closed": false}}, {"model": "menu.category", "pk": 1, "fields": {"restaurant": 5, "category_name": "Biriyani", "slug": "biriyani", "description": "tetst bi", "created_at": "2023-07-01T03:03:03.392Z", "modified_at": "2023-07-01T12:15:01.194Z"}}, {"model": "menu.category", "pk": 2, "fields": {"restaurant": 5, "category_name": "Gravy", "slug": "gravy", "description": "test premium gravies fw", "created_at": "2023-07-01T03:03:21.753Z", "modified_at": "2023-07-01T12:18:12.451Z"}}, {"model": "menu.category", "pk": 3, "fields": {"restaurant": 5, "category_name": "Fried rice", "slug": "fried-rice", "description": "test fried rice fry", "created_at": "2023-07-01T03:03:52.158Z", "modified_at": "2023-07-01T12:17:05.223Z"}}, {"model": "menu.category", "pk": 4, "fields": {"restaurant": 4, "category_name": "Meals", "slug": "meals", "description": "tets meals", "created_at": "2023-07-01T03:04:11.064Z", "modified_at": "2023-07-01T04:01:02.829Z"}}, {"model": "menu.category", "pk": 5, "fields": {"restaurant": 4, "category_name": "Variety Rice", "slug": "variety-rice", "description": "test variety rice", "created_at": "2023-07-01T03:04:28.288Z", "modified_at": "2023-07-01T04:00:55.758Z"}}, {"model": "menu.category", "pk": 6, "fields": {"restaurant": 5, "category_name": "Sea food", "slug": "sea-food", "description": "test sea food taste", "created_at": "2023-07-01T09:38:17.065Z", "modified_at": "2023-07-01T12:16:45.974Z"}}, {"model": "menu.category", "pk": 13, "fields": {"restaurant": 7, "category_name": "Meals", "slug": "meals-13", "description": "Taamil meals", "created_at": "2023-07-05T05:04:53.703Z", "modified_at": "2023-07-05T05:04:53.709Z"}}, {"model": "menu.category", "pk": 14, "fields": {"restaurant": 7, "category_name": "Fried rice", "slug": "fried-rice-14", "description": "tasty", "created_at": "2023-07-05T05:05:09.849Z", "modified_at": "2023-07-05T05:05:09.851Z"}}, {"model": "menu.category", "pk": 15, "fields": {"restaurant": 7, "category_name": "Beverages", "slug": "beverages-15", "description": "test", "created_at": "2023-07-05T05:05:45.363Z", "modified_at": "2023-07-05T05:05:45.366Z"}}, {"model": "menu.fooditem", "pk": 1, "fields": {"restaurant": 4, "category": 4, "food_name": "Mini Meals", "slug": "mini-meals", "description": "test mininmeals", "price": "110.00", "image": "menu/foodimages/steam-rice.jpg", "is_available": true, "created_at": "2023-07-01T03:11:25.636Z", "modified_at": "2023-07-01T04:35:30.231Z"}}, {"model": "menu.fooditem", "pk": 2, "fields": {"restaurant": 4, "category": 4, "food_name": "South Indian Meals", "slug": "south-indian-meals", "description": "tets meals south", "price": "180.00", "image": "menu/foodimages/rice-bowl.jpg", "is_available": true, "created_at": "2023-07-01T03:12:20.914Z", "modified_at": "2023-07-01T04:35:21.962Z"}}, {"model": "menu.fooditem", "pk": 3, "fields": {"restaurant": 5, "category": 5, "food_name": "Sambar Rice", "slug": "sambar-rice", "description": "tetst sambar rice", "price": "120.00", "image": "menu/foodimages/steam-rice_PaC9rv9.jpg", "is_available": true, "created_at": "2023-07-01T03:13:05.409Z", "modified_at": "2023-07-02T05:58:02.443Z"}}, {"model": "menu.fooditem", "pk": 4, "fields": {"restaurant": 4, "category": 5, "food_name": "Curd Rice", "slug": "curd-rice", "description": "tets curd rice", "price": "90.00", "image": "menu/foodimages/rice-bowl_Y67asmU.jpg", "is_available": true, "created_at": "2023-07-01T03:13:33.768Z", "modified_at": "2023-07-01T04:35:06.310Z"}}, {"model": "menu.fooditem", "pk": 5, "fields": {"restaurant": 5, "category": 2, "food_name": "Mutton Gravy", "slug": "mutton-gravy", "description": "tetst muttpn grvay", "price": "290.00", "image": "menu/foodimages/Pan-Fried-Chicken-600x600.jpg", "is_available": true, "created_at": "2023-07-01T03:15:07.158Z", "modified_at": "2023-07-01T04:35:00.023Z"}}, {"model": "menu.fooditem", "pk": 6, "fields": {"restaurant": 5, "category": 2, "food_name": "Chicken Gravy", "slug": "chicken-gravy", "description": "tets chicken gravy", "price": "250.00", "image": "menu/foodimages/Pan-Fried-Chicken-600x600_Wlfs4mJ.jpg", "is_available": false, "created_at": "2023-07-01T03:15:35.441Z", "modified_at": "2023-07-02T07:36:14.107Z"}}, {"model": "menu.fooditem", "pk": 7, "fields": {"restaurant": 5, "category": 3, "food_name": "Egg Fried Rice", "slug": "egg-fried-rice", "description": "test egg", "price": "150.00", "image": "menu/foodimages/steam-rice_frD5LwG.jpg", "is_available": true, "created_at": "2023-07-01T03:16:22.077Z", "modified_at": "2023-07-01T04:34:45.393Z"}}, {"model": "menu.fooditem", "pk": 8, "fields": {"restaurant": 5, "category": 3, "food_name": "Chicken Fried Rice", "slug": "chicken-fried-rice", "description": "test Chicken Fried Rice", "price": "180.00", "image": "menu/foodimages/steam-rice_1GxS6bR.jpg", "is_available": true, "created_at": "2023-07-01T03:17:03.095Z", "modified_at": "2023-07-01T04:34:37.476Z"}}, {"model": "menu.fooditem", "pk": 9, "fields": {"restaurant": 5, "category": 1, "food_name": "Chicken Biriyani", "slug": "chicken-biriyani", "description": "Tasty and juicy , Andhra Style", "price": "250.00", "image": "menu/foodimages/chicken-600x600.jpg", "is_available": true, "created_at": "2023-07-02T04:55:03.398Z", "modified_at": "2023-07-02T04:55:03.398Z"}}, {"model": "menu.fooditem", "pk": 11, "fields": {"restaurant": 5, "category": 4, "food_name": "Non Veg meals", "slug": "non-veg-meals", "description": "Chicken,mutton,fish,egg", "price": "300.00", "image": "menu/foodimages/seafood-600x600.jpg", "is_available": true, "created_at": "2023-07-02T04:57:18.410Z", "modified_at": "2023-07-02T04:57:18.410Z"}}, {"model": "menu.fooditem", "pk": 13, "fields": {"restaurant": 7, "category": 13, "food_name": "Family meals", "slug": "family-meals", "description": "test", "price": "250.00", "image": "menu/foodimages/steam-rice_a8jhTyN.jpg", "is_available": true, "created_at": "2023-07-05T05:06:14.968Z", "modified_at": "2023-07-05T05:06:14.968Z"}}, {"model": "menu.fooditem", "pk": 14, "fields": {"restaurant": 7, "category": 13, "food_name": "Kids meals", "slug": "kids-meals", "description": "test", "price": "180.00", "image": "menu/foodimages/steam-rice_6B23fFL.jpg", "is_available": true, "created_at": "2023-07-05T05:06:58.841Z", "modified_at": "2023-07-05T05:06:58.841Z"}}, {"model": "menu.fooditem", "pk": 15, "fields": {"restaurant": 7, "category": 14, "food_name": "Veg Fried rice", "slug": "veg-fried-rice", "description": "test", "price": "240.00", "image": "menu/foodimages/rice-bowl_t5rqKYM.jpg", "is_available": true, "created_at": "2023-07-05T05:07:40.057Z", "modified_at": "2023-07-05T05:07:40.057Z"}}, {"model": "menu.fooditem", "pk": 16, "fields": {"restaurant": 7, "category": 14, "food_name": "Gobi Fried rice", "slug": "gobi-fried-rice", "description": "tst", "price": "280.00", "image": "menu/foodimages/rice-bowl_9CoERtb.jpg", "is_available": true, "created_at": "2023-07-05T05:08:24.187Z", "modified_at": "2023-07-05T05:08:24.187Z"}}, {"model": "menu.fooditem", "pk": 17, "fields": {"restaurant": 7, "category": 15, "food_name": "Tea", "slug": "tea", "description": "t", "price": "40.00", "image": "menu/foodimages/profile-picture-1.PNG", "is_available": true, "created_at": "2023-07-05T05:09:12.465Z", "modified_at": "2023-07-05T05:09:12.465Z"}}, {"model": "menu.fooditem", "pk": 18, "fields": {"restaurant": 7, "category": 15, "food_name": "Coffee", "slug": "coffee", "description": "ffw", "price": "30.00", "image": "menu/foodimages/profile-picture-1_dCG0svs.PNG", "is_available": true, "created_at": "2023-07-05T05:09:42.236Z", "modified_at": "2023-07-05T05:09:42.236Z"}}, {"model": "marketplace.cart", "pk": 66, "fields": {"user": 34, "fooditem": 9, "quantity": 5, "created_at": "2023-07-06T13:24:51.036Z", "updated_at": "2023-07-06T13:55:40.016Z"}}, {"model": "marketplace.cart", "pk": 67, "fields": {"user": 34, "fooditem": 5, "quantity": 2, "created_at": "2023-07-06T13:24:52.151Z", "updated_at": "2023-07-06T13:53:21.293Z"}}, {"model": "marketplace.tax", "pk": 2, "fields": {"tax_type": "CGST", "tax_percentage": "4.20", "is_active": true}}, {"model": "marketplace.tax", "pk": 3, "fields": {"tax_type": "SGST", "tax_percentage": "3.40", "is_active": true}}, {"model": "order.payment", "pk": 25, "fields": {"user": 21, "transaction_id": "pay_MBbfpiUgnJFSq1", "amount": "696.0", "status": "SUCCESS", "created_at": "2023-07-09T06:38:49.902Z"}}, {"model": "order.payment", "pk": 27, "fields": {"user": 21, "transaction_id": "pay_MBhuOBqqCASw4f", "amount": "1140.56", "status": "SUCCESS", "created_at": "2023-07-09T12:44:45.649Z"}}, {"model": "order.order", "pk": 105, "fields": {"user": 21, "payment": 25, "order_number": "202307091208105", "first_name": "Virat", "last_name": "Kohli", "phone": "9876542310", "email": "vk@gmail.com", "address": "Aparna Maple, RK Hegde Nagar, Bangalore, Karnataka, India", "state": "Karnataka", "city": "Bengaluru", "pin_code": "560077", "tax_data": "{\"CGST\": {\"9.00\": 54.00}, \"SGST\": {\"7.00\": 42.00}}", "total_data": "{\"5\": {\"600.00\": \"{'CGST': {'9.00': '54.00'}, 'SGST': {'7.00': '42.00'}}\"}}", "total": 696.0, "status": "New", "created_at": "2023-07-09T06:38:12.673Z", "updated_at": "2023-07-09T06:38:49.905Z", "restaurants": [5]}}, {"model": "order.order", "pk": 107, "fields": {"user": 21, "payment": 27, "order_number": "202307091814107", "first_name": "Virat", "last_name": "Kohli", "phone": "9876542310", "email": "vk@gmail.com", "address": "Skantha apartments, Balamurugan Nagar, VGP Selva Nagar, Velachery, Chennai, Tamil Nadu, India", "state": "Tamil Nadu", "city": "Chennai", "pin_code": "600042", "tax_data": "{\"SGST\": {\"3.40\": 36.04}, \"CGST\": {\"4.20\": 44.52}}", "total_data": "{\"5\": {\"290.00\": \"{'SGST': {'3.40': '9.86'}, 'CGST': {'4.20': '12.18'}}\"}, \"7\": {\"500.00\": \"{'SGST': {'3.40': '17.00'}, 'CGST': {'4.20': '21.00'}}\"}, \"4\": {\"270.00\": \"{'SGST': {'3.40': '9.18'}, 'CGST': {'4.20': '11.34'}}\"}}", "total": 1140.56, "status": "New", "created_at": "2023-07-09T12:44:14.836Z", "updated_at": "2023-07-09T12:44:45.651Z", "restaurants": [5, 7, 4]}}, {"model": "order.orderedfood", "pk": 40, "fields": {"order": 105, "fooditem": 11, "quantity": 2, "created_at": "2023-07-09T06:38:49.909Z", "updated_at": "2023-07-09T06:38:49.909Z"}}, {"model": "order.orderedfood", "pk": 45, "fields": {"order": 107, "fooditem": 5, "quantity": 1, "created_at": "2023-07-09T12:44:45.654Z", "updated_at": "2023-07-09T12:44:45.654Z"}}, {"model": "order.orderedfood", "pk": 46, "fields": {"order": 107, "fooditem": 13, "quantity": 2, "created_at": "2023-07-09T12:44:45.656Z", "updated_at": "2023-07-09T12:44:45.656Z"}}, {"model": "order.orderedfood", "pk": 47, "fields": {"order": 107, "fooditem": 2, "quantity": 1, "created_at": "2023-07-09T12:44:45.657Z", "updated_at": "2023-07-09T12:44:45.657Z"}}, {"model": "order.orderedfood", "pk": 48, "fields": {"order": 107, "fooditem": 4, "quantity": 1, "created_at": "2023-07-09T12:44:45.659Z", "updated_at": "2023-07-09T12:44:45.659Z"}}]